FileOrder,ModelName,ModelPath,PatternType,SpeciesG_PD_Vertices,SpeciesG_PD_Edges,SpeciesG_PD_InDegreeMIN,SpeciesG_PD_InDegreeMEAN,SpeciesG_PD_InDegreeMAX,SpeciesG_PD_InDegreeSUM,SpeciesG_PD_OutDegreeMIN,SpeciesG_PD_OutDegreeMEAN,SpeciesG_PD_OutDegreeMAX,SpeciesG_PD_OutDegreeSUM,SpeciesG_PD_TotalDegreeMIN,SpeciesG_PD_TotalDegreeMEAN,SpeciesG_PD_TotalDegreeMAX,SpeciesG_PD_TotalDegreeSUM,SpeciesG_PD_Density,SpeciesG_PD_Reciprocity,SpeciesG_PD_WeakComponents,SpeciesG_PUD_UNDIRECTEDBiconnectedComponents,SpeciesG_PUD_UNDIRECTEDArticulationPoints,ReactionG_PD_Vertices,ReactionG_PD_Edges,ReactionG_PD_InDegreeMIN,ReactionG_PD_InDegreeMEAN,ReactionG_PD_InDegreeMAX,ReactionG_PD_InDegreeSUM,ReactionG_PD_OutDegreeMIN,ReactionG_PD_OutDegreeMEAN,ReactionG_PD_OutDegreeMAX,ReactionG_PD_OutDegreeSUM,ReactionG_PD_TotalDegreeMIN,ReactionG_PD_TotalDegreeMEAN,ReactionG_PD_TotalDegreeMAX,ReactionG_PD_TotalDegreeSUM,ReactionG_PD_Density,ReactionG_PD_Reciprocity,ReactionG_PD_WeakComponents,ReactionG_PUD_UNDIRECTEDBiconnectedComponents,ReactionG_PUD_UNDIRECTEDArticulationPoints,NG_NumOfConstantSpecies,NG_NumOfNONConstantSpecies,NG_Species_X_Reactions,NG_UpdatesMIN,NG_UpdatesMEAN,NG_UpdatesMAX,NG_UpdatesSUM
1,001_BIOMD0000000486.xml.mcp,./models/sbml/mcpExtra/withFileNo/all/001_BIOMD0000000486.xml.mcp.sbml,WithProbWEAK_UNTIL,5021,1225,233626,233626,233626,233626,233626,233626,233626,233626,233626,233626,233626,233626,30936,136390,6565940,4579533,4533651,1264,671,58395,58395,58395,58395,58395,58395,58395,58395,58395,58395,58395,58395,3656,61647,77053,236895,210567,61660,61660,11406,50080,50080,50080,50080
2,002_BIOMD0000000484.xml.mcp,./models/sbml/mcpExtra/withFileNo/all/002_BIOMD0000000484.xml.mcp.sbml,WithProbWEAK_UNTIL,2034,1113,44370,44370,44370,44370,44370,44370,44370,44370,44370,44370,44370,44370,5700,43071,46666,237944,215849,1382,599,46739,46739,46739,46739,46739,46739,46739,46739,46739,46739,46739,46739,3399,49780,50040,204117,181862,4131,4131,2332,11835,11835,11835,11835
3,003_BIOMD0000000566.xml.mcp,./models/sbml/mcpExtra/withFileNo/all/003_BIOMD0000000566.xml.mcp.sbml,WithProbWEAK_UNTIL,1418,618,38252,38252,38252,38252,38252,38252,38252,38252,38252,38252,38252,38252,8084,20723,65123,188432,167657,1461,547,50358,50358,50358,50358,50358,50358,50358,50358,50358,50358,50358,50358,6159,32796,62400,229220,203233,4471,4471,2893,22086,22086,22086,22086
4,004_BIOMD0000000567.xml.mcp,./models/sbml/mcpExtra/withFileNo/all/004_BIOMD0000000567.xml.mcp.sbml,WithProbWEAK_UNTIL,2018,850,34426,34426,34426,34426,34426,34426,34426,34426,34426,34426,34426,34426,6868,27491,43256,174753,154450,1283,481,25587,25587,25587,25587,25587,25587,25587,25587,25587,25587,25587,25587,5357,26716,60037,210744,191217,4161,4161,2199,12326,12326,12326,12326
5,005_BIOMD0000000418.xml.mcp,./models/sbml/mcpExtra/withFileNo/all/005_BIOMD0000000418.xml.mcp.sbml,WithProbWEAK_UNTIL,1381,578,25177,25177,25177,25177,25177,25177,25177,25177,25177,25177,25177,25177,6168,12776,48866,585904,558722,1365,500,29061,29061,29061,29061,29061,29061,29061,29061,29061,29061,29061,29061,5178,20165,37705,127559,111451,4601,4601,2488,10676,10676,10676,10676
6,006_BIOMD0000000417.xml.mcp,./models/sbml/mcpExtra/withFileNo/all/006_BIOMD0000000417.xml.mcp.sbml,WithProbWEAK_UNTIL,1694,1230,53567,53567,53567,53567,53567,53567,53567,53567,53567,53567,53567,53567,8619,19002,68984,707591,668913,1799,649,32654,32654,32654,32654,32654,32654,32654,32654,32654,32654,32654,32654,6087,29552,55588,189940,168314,8220,8220,3238,19191,19191,19191,19191
7,007_BIOMD0000000414.xml.mcp,./models/sbml/mcpExtra/withFileNo/all/007_BIOMD0000000414.xml.mcp.sbml,WithProbWEAK_UNTIL,4774,1155,29463,29463,29463,29463,29463,29463,29463,29463,29463,29463,29463,29463,7427,14209,52489,431066,396684,2114,1040,51976,51976,51976,51976,51976,51976,51976,51976,51976,51976,51976,51976,6802,48075,54608,204589,185989,8366,8366,3509,16144,16144,16144,16144
8,010_BIOMD0000000459.xml.mcp,./models/sbml/mcpExtra/withFileNo/all/010_BIOMD0000000459.xml.mcp.sbml,WithProbWEAK_UNTIL,2056,939,51189,51189,51189,51189,51189,51189,51189,51189,51189,51189,51189,51189,5266,26879,66509,807541,775380,1964,1134,71094,71094,71094,71094,71094,71094,71094,71094,71094,71094,71094,71094,7392,95421,140062,354803,336698,11725,11725,2830,27663,27663,27663,27663
9,009_BIOMD0000000460.xml.mcp,./models/sbml/mcpExtra/withFileNo/all/009_BIOMD0000000460.xml.mcp.sbml,WithProbWEAK_UNTIL,2302,847,30833,30833,30833,30833,30833,30833,30833,30833,30833,30833,30833,30833,5423,34116,88184,542941,511440,2127,1025,64675,64675,64675,64675,64675,64675,64675,64675,64675,64675,64675,64675,7136,87682,110597,387939,370573,15325,15325,2718,23006,23006,23006,23006
10,008_BIOMD0000000461.xml.mcp,./models/sbml/mcpExtra/withFileNo/all/008_BIOMD0000000461.xml.mcp.sbml,WithProbWEAK_UNTIL,2086,1126,91922,91922,91922,91922,91922,91922,91922,91922,91922,91922,91922,91922,5015,27584,61608,539251,510757,1957,1116,53314,53314,53314,53314,53314,53314,53314,53314,53314,53314,53314,53314,6996,50280,109109,320887,304584,11394,11394,2660,22297,22297,22297,22297
11,011_BIOMD0000000485.xml.mcp,./models/sbml/mcpExtra/withFileNo/all/011_BIOMD0000000485.xml.mcp.sbml,WithProbWEAK_UNTIL,2151,1172,26458,26458,26458,26458,26458,26458,26458,26458,26458,26458,26458,26458,2997,12176,35347,114894,103758,1880,942,34831,34831,34831,34831,34831,34831,34831,34831,34831,34831,34831,34831,3006,32239,79869,195004,181269,7000,7000,2736,6556957,6556957,6556957,6556957
12,012_BIOMD0000000458.xml.mcp,./models/sbml/mcpExtra/withFileNo/all/012_BIOMD0000000458.xml.mcp.sbml,WithProbWEAK_UNTIL,1585,561,45557,45557,45557,45557,45557,45557,45557,45557,45557,45557,45557,45557,6596,22095,91409,1388511,1342627,2016,832,90130,90130,90130,90130,90130,90130,90130,90130,90130,90130,90130,90130,8128,81971,136895,390287,366163,15132,15132,3008,21673,21673,21673,21673
13,013_BIOMD0000000425.xml.mcp,./models/sbml/mcpExtra/withFileNo/all/013_BIOMD0000000425.xml.mcp.sbml,WithProbWEAK_UNTIL,1366,477,65534,65534,65534,65534,65534,65534,65534,65534,65534,65534,65534,65534,24849,16073,82645,721904,692156,1205,567,81338,81338,81338,81338,81338,81338,81338,81338,81338,81338,81338,81338,7467,40126,91670,248602,225406,15714,15714,6965,48016,48016,48016,48016
14,015_BIOMD0000000420.xml.mcp,./models/sbml/mcpExtra/withFileNo/all/015_BIOMD0000000420.xml.mcp.sbml,WithProbWEAK_UNTIL,1206,446,70759,70759,70759,70759,70759,70759,70759,70759,70759,70759,70759,70759,6923,29611,102500,519163,492972,1162,502,66399,66399,66399,66399,66399,66399,66399,66399,66399,66399,66399,66399,4921,24730,65367,268677,239881,25684,25684,6795,108131,108131,108131,108131
15,014_BIOMD0000000421.xml.mcp,./models/sbml/mcpExtra/withFileNo/all/014_BIOMD0000000421.xml.mcp.sbml,WithProbWEAK_UNTIL,1727,695,35584,35584,35584,35584,35584,35584,35584,35584,35584,35584,35584,35584,5490,13288,64631,500111,452616,1714,674,54114,54114,54114,54114,54114,54114,54114,54114,54114,54114,54114,54114,6198,33429,101799,144054,127239,14702,14702,3279,34967,34967,34967,34967
16,016_BIOMD0000000558.xml.mcp,./models/sbml/mcpExtra/withFileNo/all/016_BIOMD0000000558.xml.mcp.sbml,WithProbWEAK_UNTIL,1801,851,52306,52306,52306,52306,52306,52306,52306,52306,52306,52306,52306,52306,7609,18761,120208,566363,533575,1807,671,116716,116716,116716,116716,116716,116716,116716,116716,116716,116716,116716,116716,8181,31133,84593,186375,169317,14333,14333,3321,31325,31325,31325,31325
17,018_BIOMD0000000553.xml.mcp,./models/sbml/mcpExtra/withFileNo/all/018_BIOMD0000000553.xml.mcp.sbml,WithProbWEAK_UNTIL,1995,936,26341,26341,26341,26341,26341,26341,26341,26341,26341,26341,26341,26341,5085,15247,70041,133711,123224,1540,601,34329,34329,34329,34329,34329,34329,34329,34329,34329,34329,34329,34329,6190,21840,52910,25010,23494,12882,12882,2842,29784,29784,29784,29784
18,017_BIOMD0000000552.xml.mcp,./models/sbml/mcpExtra/withFileNo/all/017_BIOMD0000000552.xml.mcp.sbml,WithProbWEAK_UNTIL,1151,352,36159,36159,36159,36159,36159,36159,36159,36159,36159,36159,36159,36159,3228,22205,51113,125232,114677,1044,399,28072,28072,28072,28072,28072,28072,28072,28072,28072,28072,28072,28072,2774,16637,38019,15589,14445,7694,7694,2178,3881890,3881890,3881890,3881890
19,020_BIOMD0000000385.xml.mcp,./models/sbml/mcpExtra/withFileNo/all/020_BIOMD0000000385.xml.mcp.sbml,WithProbWEAK_UNTIL,1925,859,39001,39001,39001,39001,39001,39001,39001,39001,39001,39001,39001,39001,2926,17942,81770,912201,874309,1696,645,48724,48724,48724,48724,48724,48724,48724,48724,48724,48724,48724,48724,3255,57509,81617,242521,219285,13226,13226,3637,95098,95098,95098,95098
20,021_BIOMD0000000386.xml.mcp,./models/sbml/mcpExtra/withFileNo/all/021_BIOMD0000000386.xml.mcp.sbml,WithProbWEAK_UNTIL,1972,655,38305,38305,38305,38305,38305,38305,38305,38305,38305,38305,38305,38305,4756,45544,80186,1272288,1053190,1686,660,48238,48238,48238,48238,48238,48238,48238,48238,48238,48238,48238,48238,3621,68977,80414,301480,281979,12739,12739,2880,38001,38001,38001,38001
21,019_BIOMD0000000384.xml.mcp,./models/sbml/mcpExtra/withFileNo/all/019_BIOMD0000000384.xml.mcp.sbml,WithProbWEAK_UNTIL,1347,9336,55833,55833,55833,55833,55833,55833,55833,55833,55833,55833,55833,55833,2724,22136,59771,794581,757582,969,403,25001,25001,25001,25001,25001,25001,25001,25001,25001,25001,25001,25001,1771,23868,78853,163143,141885,9726,9726,2945,24945,24945,24945,24945
22,022_BIOMD0000000383.xml.mcp,./models/sbml/mcpExtra/withFileNo/all/022_BIOMD0000000383.xml.mcp.sbml,WithProbWEAK_UNTIL,496,141,27449,27449,27449,27449,27449,27449,27449,27449,27449,27449,27449,27449,2669,29069,138188,603956,548314,583,176,43422,43422,43422,43422,43422,43422,43422,43422,43422,43422,43422,43422,6064,50308,153558,280805,259577,13680,13680,3677,33894,33894,33894,33894
23,023_BIOMD0000000292.xml.mcp,./models/sbml/mcpExtra/withFileNo/all/023_BIOMD0000000292.xml.mcp.sbml,WithProbWEAK_UNTIL,1108,201,91009,91009,91009,91009,91009,91009,91009,91009,91009,91009,91009,91009,22447,59172,100086,360220,339511,598,227,43690,43690,43690,43690,43690,43690,43690,43690,43690,43690,43690,43690,3631,40257,78577,539330,505596,14152,14152,3997,37936,37936,37936,37936
24,024_BIOMD0000000387.xml.mcp,./models/sbml/mcpExtra/withFileNo/all/024_BIOMD0000000387.xml.mcp.sbml,WithProbWEAK_UNTIL,596,150,39924,39924,39924,39924,39924,39924,39924,39924,39924,39924,39924,39924,4125,31147,93061,1133358,1066865,570,196,46196,46196,46196,46196,46196,46196,46196,46196,46196,46196,46196,46196,3359,49870,74906,221511,201141,14121,14121,3276,32127,32127,32127,32127
25,025_BIOMD0000000454.xml.mcp,./models/sbml/mcpExtra/withFileNo/all/025_BIOMD0000000454.xml.mcp.sbml,WithProbWEAK_UNTIL,642,252,124430,124430,124430,124430,124430,124430,124430,124430,124430,124430,124430,124430,4207,51668,107866,1008499,961812,610,240,128138,128138,128138,128138,128138,128138,128138,128138,128138,128138,128138,128138,4114,104869,177844,546673,522698,24344,24344,10149,66190,66190,66190,66190
26,026_BIOMD0000000601.xml.mcp,./models/sbml/mcpExtra/withFileNo/all/026_BIOMD0000000601.xml.mcp.sbml,WithProbWEAK_UNTIL,774,274,73863,73863,73863,73863,73863,73863,73863,73863,73863,73863,73863,73863,4327,41045,74795,256696,237823,643,287,26096,26096,26096,26096,26096,26096,26096,26096,26096,26096,26096,26096,3353,39754,61193,217814,198671,10399,10399,3339,33403,33403,33403,33403
27,027_BIOMD0000000507.xml.mcp,./models/sbml/mcpExtra/withFileNo/all/027_BIOMD0000000507.xml.mcp.sbml,WithProbWEAK_UNTIL,798,197,36367,36367,36367,36367,36367,36367,36367,36367,36367,36367,36367,36367,14989,18203,70948,394025,367366,543,171,40246,40246,40246,40246,40246,40246,40246,40246,40246,40246,40246,40246,3001,19685,46436,128056,112818,14740,14740,4844,25071,25071,25071,25071
28,028_BIOMD0000000546.xml.mcp,./models/sbml/mcpExtra/withFileNo/all/028_BIOMD0000000546.xml.mcp.sbml,WithProbWEAK_UNTIL,668,121,42393,42393,42393,42393,42393,42393,42393,42393,42393,42393,42393,42393,4164,19228,68983,670236,631274,650,163,35863,35863,35863,35863,35863,35863,35863,35863,35863,35863,35863,35863,3806,24885,68449,406428,379389,13213,13213,3577,134249,134249,134249,134249
29,029_BIOMD0000000455.xml.mcp,./models/sbml/mcpExtra/withFileNo/all/029_BIOMD0000000455.xml.mcp.sbml,WithProbWEAK_UNTIL,648,225,52477,52477,52477,52477,52477,52477,52477,52477,52477,52477,52477,52477,4438,56721,123694,1029123,968246,627,169,87832,87832,87832,87832,87832,87832,87832,87832,87832,87832,87832,87832,3770,123396,153984,778557,741834,20886,20886,9645,99416,99416,99416,99416
30,030_BIOMD0000000487.xml.mcp,./models/sbml/mcpExtra/withFileNo/all/030_BIOMD0000000487.xml.mcp.sbml,WithProbWEAK_UNTIL,751,250,140408,140408,140408,140408,140408,140408,140408,140408,140408,140408,140408,140408,8242,38915,111761,506727,485839,386,178,24897,24897,24897,24897,24897,24897,24897,24897,24897,24897,24897,24897,3898,77524,127229,261079,244372,11867,11867,3290,90560,90560,90560,90560
31,031_BIOMD0000000419.xml.mcp,./models/sbml/mcpExtra/withFileNo/all/031_BIOMD0000000419.xml.mcp.sbml,WithProbWEAK_UNTIL,560,118,61294,61294,61294,61294,61294,61294,61294,61294,61294,61294,61294,61294,3960,27829,91870,302761,289349,358,122,20109,20109,20109,20109,20109,20109,20109,20109,20109,20109,20109,20109,2604,29269,41649,72367,64745,8075,8075,2646,23548,23548,23548,23548
32,032_BIOMD0000000573.xml.mcp,./models/sbml/mcpExtra/withFileNo/all/032_BIOMD0000000573.xml.mcp.sbml,WithProbWEAK_UNTIL,934,169,42182,42182,42182,42182,42182,42182,42182,42182,42182,42182,42182,42182,3963,33009,69214,919169,868298,767,302,43700,43700,43700,43700,43700,43700,43700,43700,43700,43700,43700,43700,5388,96663,116726,412181,389766,12076,12076,4577,45182,45182,45182,45182
33,033_BIOMD0000000520.xml.mcp,./models/sbml/mcpExtra/withFileNo/all/033_BIOMD0000000520.xml.mcp.sbml,WithProbWEAK_UNTIL,624,277,28520,28520,28520,28520,28520,28520,28520,28520,28520,28520,28520,28520,4054,26692,67001,556520,514854,615,215,36099,36099,36099,36099,36099,36099,36099,36099,36099,36099,36099,36099,2841,55123,97416,785955,747407,7353,7353,2525,21456,21456,21456,21456
34,034_BIOMD0000000519.xml.mcp,./models/sbml/mcpExtra/withFileNo/all/034_BIOMD0000000519.xml.mcp.sbml,WithProbWEAK_UNTIL,736,162,47512,47512,47512,47512,47512,47512,47512,47512,47512,47512,47512,47512,1993,17006,44034,997899,947940,712,242,125619,125619,125619,125619,125619,125619,125619,125619,125619,125619,125619,125619,3161,47375,97828,717094,672885,11878,11878,3778,39809,39809,39809,39809
35,035_BIOMD0000000493.xml.mcp,./models/sbml/mcpExtra/withFileNo/all/035_BIOMD0000000493.xml.mcp.sbml,WithProbWEAK_UNTIL,473,162,28112,28112,28112,28112,28112,28112,28112,28112,28112,28112,28112,28112,3122,22984,59756,240492,226711,426,123,60717,60717,60717,60717,60717,60717,60717,60717,60717,60717,60717,60717,2200,74183,109207,147400,137653,14191,14191,2815,28523,28523,28523,28523
36,036_BIOMD0000000456.xml.mcp,./models/sbml/mcpExtra/withFileNo/all/036_BIOMD0000000456.xml.mcp.sbml,WithProbWEAK_UNTIL,595,214,57115,57115,57115,57115,57115,57115,57115,57115,57115,57115,57115,57115,3448,57766,100278,657764,623222,524,141,34636,34636,34636,34636,34636,34636,34636,34636,34636,34636,34636,34636,2401,83570,104259,201979,189686,17751,17751,2834,31986,31986,31986,31986
37,037_BIOMD0000000390.xml.mcp,./models/sbml/mcpExtra/withFileNo/all/037_BIOMD0000000390.xml.mcp.sbml,WithProbWEAK_UNTIL,477,156,44586,44586,44586,44586,44586,44586,44586,44586,44586,44586,44586,44586,3471,79865,94727,389472,371324,626,172,70582,70582,70582,70582,70582,70582,70582,70582,70582,70582,70582,70582,1947,72712,73084,372944,351416,16534,16534,3362,69191,69191,69191,69191
38,038_BIOMD0000000438.xml.mcp,./models/sbml/mcpExtra/withFileNo/all/038_BIOMD0000000438.xml.mcp.sbml,WithProbWEAK_UNTIL,671,120,39781,39781,39781,39781,39781,39781,39781,39781,39781,39781,39781,39781,4535,25744,93687,1461717,1361088,532,228,31134,31134,31134,31134,31134,31134,31134,31134,31134,31134,31134,31134,2691,45036,61852,915439,864042,8709,8709,2341,20541,20541,20541,20541
39,039_BIOMD0000000556.xml.mcp,./models/sbml/mcpExtra/withFileNo/all/039_BIOMD0000000556.xml.mcp.sbml,WithProbWEAK_UNTIL,398,103,21683,21683,21683,21683,21683,21683,21683,21683,21683,21683,21683,21683,2557,11922,40590,550140,526495,408,154,30523,30523,30523,30523,30523,30523,30523,30523,30523,30523,30523,30523,1555,37403,52787,146741,134875,14818,14818,2515,29690,29690,29690,29690
40,040_BIOMD0000000415.xml.mcp,./models/sbml/mcpExtra/withFileNo/all/040_BIOMD0000000415.xml.mcp.sbml,WithProbWEAK_UNTIL,520,137,33090,33090,33090,33090,33090,33090,33090,33090,33090,33090,33090,33090,1931,23384,61795,677874,623937,411,152,15288,15288,15288,15288,15288,15288,15288,15288,15288,15288,15288,15288,1279,29329,39302,100567,91899,10437,10437,2369,23444,23444,23444,23444
41,041_BIOMD0000000462.xml.mcp,./models/sbml/mcpExtra/withFileNo/all/041_BIOMD0000000462.xml.mcp.sbml,WithProbWEAK_UNTIL,407,158,17773,17773,17773,17773,17773,17773,17773,17773,17773,17773,17773,17773,2024,16140,34104,383482,364804,354,166,22794,22794,22794,22794,22794,22794,22794,22794,22794,22794,22794,22794,1432,65874,61632,294347,277478,4957,4957,2128,21328,21328,21328,21328
42,042_BIOMD0000000388.xml.mcp,./models/sbml/mcpExtra/withFileNo/all/042_BIOMD0000000388.xml.mcp.sbml,WithProbWEAK_UNTIL,400,130,22189,22189,22189,22189,22189,22189,22189,22189,22189,22189,22189,22189,1357,17300,63758,498817,473276,454,299,28707,28707,28707,28707,28707,28707,28707,28707,28707,28707,28707,28707,2066,33242,52189,132085,122020,16618,16618,3757,24842,24842,24842,24842
43,043_BIOMD0000000483.xml.mcp,./models/sbml/mcpExtra/withFileNo/all/043_BIOMD0000000483.xml.mcp.sbml,WithProbWEAK_UNTIL,900,219,28191,28191,28191,28191,28191,28191,28191,28191,28191,28191,28191,28191,2780,27370,51858,326373,307905,566,172,34229,34229,34229,34229,34229,34229,34229,34229,34229,34229,34229,34229,1466,38379,54569,84803,75922,57452,57452,2727,32230,32230,32230,32230
44,044_BIOMD0000000329.xml.mcp,./models/sbml/mcpExtra/withFileNo/all/044_BIOMD0000000329.xml.mcp.sbml,WithProbWEAK_UNTIL,696,153,25192,25192,25192,25192,25192,25192,25192,25192,25192,25192,25192,25192,2571,10929,39069,190190,176811,647,188,33732,33732,33732,33732,33732,33732,33732,33732,33732,33732,33732,33732,1719,21626,45503,84536,75980,16272,16272,2451,24051,24051,24051,24051
45,046_BIOMD0000000518.xml.mcp,./models/sbml/mcpExtra/withFileNo/all/046_BIOMD0000000518.xml.mcp.sbml,WithProbWEAK_UNTIL,796,227,32027,32027,32027,32027,32027,32027,32027,32027,32027,32027,32027,32027,1935,16985,84750,698903,650123,585,200,39971,39971,39971,39971,39971,39971,39971,39971,39971,39971,39971,39971,1861,45768,119796,676893,506873,11308,11308,3519,32579,32579,32579,32579
46,045_BIOMD0000000517.xml.mcp,./models/sbml/mcpExtra/withFileNo/all/045_BIOMD0000000517.xml.mcp.sbml,WithProbWEAK_UNTIL,593,241,33215,33215,33215,33215,33215,33215,33215,33215,33215,33215,33215,33215,1708,16141,87831,721663,681231,589,188,38703,38703,38703,38703,38703,38703,38703,38703,38703,38703,38703,38703,1763,63358,37989,520586,490243,11403,11403,3134,30972,30972,30972,30972
47,047_BIOMD0000000405.xml.mcp,./models/sbml/mcpExtra/withFileNo/all/047_BIOMD0000000405.xml.mcp.sbml,WithProbWEAK_UNTIL,800,262,38133,38133,38133,38133,38133,38133,38133,38133,38133,38133,38133,38133,4761,28170,58296,1182639,1139913,437,162,23231,23231,23231,23231,23231,23231,23231,23231,23231,23231,23231,23231,1907,29864,50311,532509,509705,10513,10513,3133,35465,35465,35465,35465
48,048_BIOMD0000000591.xml.mcp,./models/sbml/mcpExtra/withFileNo/all/048_BIOMD0000000591.xml.mcp.sbml,WithProbWEAK_UNTIL,953,440,25180,25180,25180,25180,25180,25180,25180,25180,25180,25180,25180,25180,2565,17115,37640,381191,359321,572,340,36421,36421,36421,36421,36421,36421,36421,36421,36421,36421,36421,36421,2455,43116,31863,160150,149498,14927,14927,2891,64607,64607,64607,64607
49,049_BIOMD0000000435.xml.mcp,./models/sbml/mcpExtra/withFileNo/all/049_BIOMD0000000435.xml.mcp.sbml,WithProbWEAK_UNTIL,891,205,33394,33394,33394,33394,33394,33394,33394,33394,33394,33394,33394,33394,19069,14760,47634,216159,202184,715,199,35365,35365,35365,35365,35365,35365,35365,35365,35365,35365,35365,35365,2177,16326,32695,61066,53290,15713,15713,1954,16411,16411,16411,16411
50,050_BIOMD0000000408.xml.mcp,./models/sbml/mcpExtra/withFileNo/all/050_BIOMD0000000408.xml.mcp.sbml,WithProbWEAK_UNTIL,997,255,34566,34566,34566,34566,34566,34566,34566,34566,34566,34566,34566,34566,2480,43087,75752,242613,227427,604,204,61635,61635,61635,61635,61635,61635,61635,61635,61635,61635,61635,61635,2782,136653,78539,601654,578952,10696,10696,2703,83609,83609,83609,83609
51,051_BIOMD0000000413.xml.mcp,./models/sbml/mcpExtra/withFileNo/all/051_BIOMD0000000413.xml.mcp.sbml,WithProbWEAK_UNTIL,776,188,36105,36105,36105,36105,36105,36105,36105,36105,36105,36105,36105,36105,3565,27641,84778,953686,909532,424,171,27897,27897,27897,27897,27897,27897,27897,27897,27897,27897,27897,27897,2325,38549,63681,275570,258939,16080,16080,2438,37196,37196,37196,37196
52,052_BIOMD0000000380.xml.mcp,./models/sbml/mcpExtra/withFileNo/all/052_BIOMD0000000380.xml.mcp.sbml,WithProbWEAK_UNTIL,813,238,68858,68858,68858,68858,68858,68858,68858,68858,68858,68858,68858,68858,3307,58487,97295,1091445,1060113,1951,255,101141,101141,101141,101141,101141,101141,101141,101141,101141,101141,101141,101141,6479,93095,93011,423151,402964,33589,33589,5808,74253,74253,74253,74253
53,053_BIOMD0000000423.xml.mcp,./models/sbml/mcpExtra/withFileNo/all/053_BIOMD0000000423.xml.mcp.sbml,WithProbWEAK_UNTIL,8337,220,29451,29451,29451,29451,29451,29451,29451,29451,29451,29451,29451,29451,3250,17699,40924,138434,128743,795,180,44266,44266,44266,44266,44266,44266,44266,44266,44266,44266,44266,44266,3358,61942,39431,119735,109505,15674,15674,2011,20884,20884,20884,20884
54,055_BIOMD0000000440.xml.mcp,./models/sbml/mcpExtra/withFileNo/all/055_BIOMD0000000440.xml.mcp.sbml,WithProbWEAK_UNTIL,985,149,41051,41051,41051,41051,41051,41051,41051,41051,41051,41051,41051,41051,3613,25296,59496,141541,125153,671,163,45805,45805,45805,45805,45805,45805,45805,45805,45805,45805,45805,45805,2450,56122,75877,82279,68760,17806,17806,2328,41793,41793,41793,41793
55,054_BIOMD0000000441.xml.mcp,./models/sbml/mcpExtra/withFileNo/all/054_BIOMD0000000441.xml.mcp.sbml,WithProbWEAK_UNTIL,908,283,31852,31852,31852,31852,31852,31852,31852,31852,31852,31852,31852,31852,2807,16896,42878,82372,70399,682,154,31507,31507,31507,31507,31507,31507,31507,31507,31507,31507,31507,31507,1448,31782,31690,68030,59206,8753,8753,1965,19016,19016,19016,19016
56,057_BIOMD0000000432.xml.mcp,./models/sbml/mcpExtra/withFileNo/all/057_BIOMD0000000432.xml.mcp.sbml,WithProbWEAK_UNTIL,807,240,31712,31712,31712,31712,31712,31712,31712,31712,31712,31712,31712,31712,2972,16744,42541,77540,66572,656,156,47045,47045,47045,47045,47045,47045,47045,47045,47045,47045,47045,47045,1331,40391,38648,52930,44601,15791,15791,1824,18018,18018,18018,18018
57,056_BIOMD0000000433.xml.mcp,./models/sbml/mcpExtra/withFileNo/all/056_BIOMD0000000433.xml.mcp.sbml,WithProbWEAK_UNTIL,671,176,38536,38536,38536,38536,38536,38536,38536,38536,38536,38536,38536,38536,2275,15630,36894,138991,128872,592,165,39559,39559,39559,39559,39559,39559,39559,39559,39559,39559,39559,39559,1842,37567,48641,72146,63186,73100,73100,1859,19655,19655,19655,19655
58,058_BIOMD0000000464.xml.mcp,./models/sbml/mcpExtra/withFileNo/all/058_BIOMD0000000464.xml.mcp.sbml,WithProbWEAK_UNTIL,784,221,57237,57237,57237,57237,57237,57237,57237,57237,57237,57237,57237,57237,3392,33027,38280,628306,592873,596,182,34358,34358,34358,34358,34358,34358,34358,34358,34358,34358,34358,34358,2339,25298,28050,266253,244122,21864,21864,2518,27398,27398,27398,27398
59,059_BIOMD0000000609.xml.mcp,./models/sbml/mcpExtra/withFileNo/all/059_BIOMD0000000609.xml.mcp.sbml,WithProbWEAK_UNTIL,604,173,26442,26442,26442,26442,26442,26442,26442,26442,26442,26442,26442,26442,4193,32129,49319,582221,497830,2752,193,41777,41777,41777,41777,41777,41777,41777,41777,41777,41777,41777,41777,1289,45982,37187,316607,315643,12416,12416,2415,26725,26725,26725,26725
60,060_BIOMD0000000545.xml.mcp,./models/sbml/mcpExtra/withFileNo/all/060_BIOMD0000000545.xml.mcp.sbml,WithProbWEAK_UNTIL,656,196,43319,43319,43319,43319,43319,43319,43319,43319,43319,43319,43319,43319,2221,26833,37254,1090752,1012439,619,138,50818,50818,50818,50818,50818,50818,50818,50818,50818,50818,50818,50818,1824,46597,34797,297407,281159,17987,17987,3045,30144,30144,30144,30144
61,061_BIOMD0000000529.xml.mcp,./models/sbml/mcpExtra/withFileNo/all/061_BIOMD0000000529.xml.mcp.sbml,WithProbWEAK_UNTIL,678,170,27449,27449,27449,27449,27449,27449,27449,27449,27449,27449,27449,27449,2135,14449,27411,882110,823505,8002,162,60302,60302,60302,60302,60302,60302,60302,60302,60302,60302,60302,60302,1160,150200,54824,254721,237051,15504,15504,2246,22465,22465,22465,22465
62,062_BIOMD0000000528.xml.mcp,./models/sbml/mcpExtra/withFileNo/all/062_BIOMD0000000528.xml.mcp.sbml,WithProbWEAK_UNTIL,1980,181,150405,150405,150405,150405,150405,150405,150405,150405,150405,150405,150405,150405,6367,136825,80714,1160982,1094214,774,177,50691,50691,50691,50691,50691,50691,50691,50691,50691,50691,50691,50691,2980,77367,82581,282253,264444,15268,15268,2265,23351,23351,23351,23351
63,063_BIOMD0000000411.xml.mcp,./models/sbml/mcpExtra/withFileNo/all/063_BIOMD0000000411.xml.mcp.sbml,WithProbWEAK_UNTIL,921,211,29671,29671,29671,29671,29671,29671,29671,29671,29671,29671,29671,29671,2153,12016,42182,663077,622525,732,152,49701,49701,49701,49701,49701,49701,49701,49701,49701,49701,49701,49701,2019,19894,35395,408690,382446,13455,13455,3249,30132,30132,30132,30132
64,064_BIOMD0000000442.xml.mcp,./models/sbml/mcpExtra/withFileNo/all/064_BIOMD0000000442.xml.mcp.sbml,WithProbWEAK_UNTIL,717,220,29989,29989,29989,29989,29989,29989,29989,29989,29989,29989,29989,29989,2532,9043,37976,71436,60409,620,295,28929,28929,28929,28929,28929,28929,28929,28929,28929,28929,28929,28929,2464,13215,63891,85569,71456,11679,11679,2117,21239,21239,21239,21239
65,065_BIOMD0000000394.xml.mcp,./models/sbml/mcpExtra/withFileNo/all/065_BIOMD0000000394.xml.mcp.sbml,WithProbWEAK_UNTIL,969,345,51520,51520,51520,51520,51520,51520,51520,51520,51520,51520,51520,51520,2858,18177,103058,105810,90306,533,179,70201,70201,70201,70201,70201,70201,70201,70201,70201,70201,70201,70201,2256,31577,75663,74938,64499,19416,19416,4344,31355,31355,31355,31355
66,066_BIOMD0000000465.xml.mcp,./models/sbml/mcpExtra/withFileNo/all/066_BIOMD0000000465.xml.mcp.sbml,WithProbWEAK_UNTIL,958,248,36683,36683,36683,36683,36683,36683,36683,36683,36683,36683,36683,36683,2493,14164,64465,79633,67097,820,146,54373,54373,54373,54373,54373,54373,54373,54373,54373,54373,54373,54373,2160,20408,80412,61140,52045,14849,14849,2252,25075,25075,25075,25075
67,067_BIOMD0000000540.xml.mcp,./models/sbml/mcpExtra/withFileNo/all/067_BIOMD0000000540.xml.mcp.sbml,WithProbWEAK_UNTIL,797,204,68468,68468,68468,68468,68468,68468,68468,68468,68468,68468,68468,68468,11167,17718,62281,203076,184375,596,203,31264,31264,31264,31264,31264,31264,31264,31264,31264,31264,31264,31264,2060,8229,27324,62055,53235,24048,24048,2619,20661,20661,20661,20661
68,068_BIOMD0000000502.xml.mcp,./models/sbml/mcpExtra/withFileNo/all/068_BIOMD0000000502.xml.mcp.sbml,WithProbWEAK_UNTIL,909,237,51127,51127,51127,51127,51127,51127,51127,51127,51127,51127,51127,51127,3215,25058,126250,550459,508547,666,196,69002,69002,69002,69002,69002,69002,69002,69002,69002,69002,69002,69002,1780,51761,54080,382635,362062,24645,24645,2744,32963,32963,32963,32963
69,070_BIOMD0000000524.xml.mcp,./models/sbml/mcpExtra/withFileNo/all/070_BIOMD0000000524.xml.mcp.sbml,WithProbWEAK_UNTIL,926,221,88666,88666,88666,88666,88666,88666,88666,88666,88666,88666,88666,88666,4093,32770,51637,445923,416253,682,166,42672,42672,42672,42672,42672,42672,42672,42672,42672,42672,42672,42672,2365,26868,35464,135316,124951,16845,16845,3508,41072,41072,41072,41072
70,069_BIOMD0000000523.xml.mcp,./models/sbml/mcpExtra/withFileNo/all/069_BIOMD0000000523.xml.mcp.sbml,WithProbWEAK_UNTIL,1029,269,26565,26565,26565,26565,26565,26565,26565,26565,26565,26565,26565,26565,3760,13960,47748,396042,367244,627,163,36750,36750,36750,36750,36750,36750,36750,36750,36750,36750,36750,36750,2110,18492,34732,145421,135668,13878,13878,2437,24038,24038,24038,24038
71,071_BIOMD0000000395.xml.mcp,./models/sbml/mcpExtra/withFileNo/all/071_BIOMD0000000395.xml.mcp.sbml,WithProbWEAK_UNTIL,752,187,33201,33201,33201,33201,33201,33201,33201,33201,33201,33201,33201,33201,2866,24737,63970,1386022,1294067,560,190,49711,49711,49711,49711,49711,49711,49711,49711,49711,49711,49711,49711,3504,41346,93241,84416,72159,18286,18286,2402,36283,36283,36283,36283
72,072_BIOMD0000000547.xml.mcp,./models/sbml/mcpExtra/withFileNo/all/072_BIOMD0000000547.xml.mcp.sbml,WithProbWEAK_UNTIL,1035,383,23809,23809,23809,23809,23809,23809,23809,23809,23809,23809,23809,23809,3823,14120,60026,403071,370234,622,277,30712,30712,30712,30712,30712,30712,30712,30712,30712,30712,30712,30712,2067,41140,39223,144540,133092,12881,12881,2716,28079,28079,28079,28079
73,073_BIOMD0000000398.xml.mcp,./models/sbml/mcpExtra/withFileNo/all/073_BIOMD0000000398.xml.mcp.sbml,WithProbWEAK_UNTIL,819,213,51895,51895,51895,51895,51895,51895,51895,51895,51895,51895,51895,51895,3797,61488,66825,1377256,1299968,791,197,59378,59378,59378,59378,59378,59378,59378,59378,59378,59378,59378,59378,5256,49116,71670,304331,286499,19407,19407,2374,39177,39177,39177,39177
74,074_BIOMD0000000563.xml.mcp,./models/sbml/mcpExtra/withFileNo/all/074_BIOMD0000000563.xml.mcp.sbml,WithProbWEAK_UNTIL,717,140,30956,30956,30956,30956,30956,30956,30956,30956,30956,30956,30956,30956,3155,18071,47661,1025425,938690,597,169,33344,33344,33344,33344,33344,33344,33344,33344,33344,33344,33344,33344,3956,47633,70959,350477,334910,18328,18328,3254,42430,42430,42430,42430
75,075_BIOMD0000000429.xml.mcp,./models/sbml/mcpExtra/withFileNo/all/075_BIOMD0000000429.xml.mcp.sbml,WithProbWEAK_UNTIL,998,293,45595,45595,45595,45595,45595,45595,45595,45595,45595,45595,45595,45595,3021,14168,48719,366577,335749,635,3789,34762,34762,34762,34762,34762,34762,34762,34762,34762,34762,34762,34762,2275,25364,43431,92181,82238,14893,14893,2678,30077,30077,30077,30077
76,076_BIOMD0000000500.xml.mcp,./models/sbml/mcpExtra/withFileNo/all/076_BIOMD0000000500.xml.mcp.sbml,WithProbWEAK_UNTIL,1045,240,34720,34720,34720,34720,34720,34720,34720,34720,34720,34720,34720,34720,3350,35567,51684,592315,557013,722,183,95591,95591,95591,95591,95591,95591,95591,95591,95591,95591,95591,95591,2383,257460,141695,1453786,1415825,17345,17345,25853,120985,120985,120985,120985
77,077_BIOMD0000000530.xml.mcp,./models/sbml/mcpExtra/withFileNo/all/077_BIOMD0000000530.xml.mcp.sbml,WithProbWEAK_UNTIL,1136,240,73372,73372,73372,73372,73372,73372,73372,73372,73372,73372,73372,73372,3737,18969,52116,858081,800050,661,170,35449,35449,35449,35449,35449,35449,35449,35449,35449,35449,35449,35449,3439,48563,78884,223897,210874,16319,16319,2543,53677,53677,53677,53677
78,079_BIOMD0000000526.xml.mcp,./models/sbml/mcpExtra/withFileNo/all/079_BIOMD0000000526.xml.mcp.sbml,WithProbWEAK_UNTIL,900,241,28985,28985,28985,28985,28985,28985,28985,28985,28985,28985,28985,28985,3952,15327,51544,424612,392774,648,197,65844,65844,65844,65844,65844,65844,65844,65844,65844,65844,65844,65844,4297,67815,94413,452335,423867,23779,23779,3248,79976,79976,79976,79976
79,078_BIOMD0000000525.xml.mcp,./models/sbml/mcpExtra/withFileNo/all/078_BIOMD0000000525.xml.mcp.sbml,WithProbWEAK_UNTIL,1025,239,36042,36042,36042,36042,36042,36042,36042,36042,36042,36042,36042,36042,8499,23710,80627,693783,644316,593,213,42054,42054,42054,42054,42054,42054,42054,42054,42054,42054,42054,42054,5671,76865,121726,433149,409696,29379,29379,8128,92144,92144,92144,92144
80,080_BIOMD0000000590.xml.mcp,./models/sbml/mcpExtra/withFileNo/all/080_BIOMD0000000590.xml.mcp.sbml,WithProbWEAK_UNTIL,778,217,37753,37753,37753,37753,37753,37753,37753,37753,37753,37753,37753,37753,3694,21491,50036,1463600,1358745,728,174,48983,48983,48983,48983,48983,48983,48983,48983,48983,48983,48983,48983,1693,77664,75418,717612,698744,21192,21192,10502,51024,51024,51024,51024
81,081_BIOMD0000000495.xml.mcp,./models/sbml/mcpExtra/withFileNo/all/081_BIOMD0000000495.xml.mcp.sbml,WithProbWEAK_UNTIL,910,235,20552,20552,20552,20552,20552,20552,20552,20552,20552,20552,20552,20552,4905,14633,62701,832100,782977,687,162,30154,30154,30154,30154,30154,30154,30154,30154,30154,30154,30154,30154,2987,25394,57085,429324,405816,17685,17685,3196,37969,37969,37969,37969
82,082_BIOMD0000000389.xml.mcp,./models/sbml/mcpExtra/withFileNo/all/082_BIOMD0000000389.xml.mcp.sbml,WithProbWEAK_UNTIL,799,270,39344,39344,39344,39344,39344,39344,39344,39344,39344,39344,39344,39344,3479,30549,56046,652403,612802,638,216,31651,31651,31651,31651,31651,31651,31651,31651,31651,31651,31651,31651,3094,52588,52001,617541,570663,14941,14941,2704,43495,43495,43495,43495
83,083_BIOMD0000000396.xml.mcp,./models/sbml/mcpExtra/withFileNo/all/083_BIOMD0000000396.xml.mcp.sbml,WithProbWEAK_UNTIL,842,306,35924,35924,35924,35924,35924,35924,35924,35924,35924,35924,35924,35924,3970,33250,68839,1714265,1595049,509,174,42520,42520,42520,42520,42520,42520,42520,42520,42520,42520,42520,42520,3080,64418,62359,416950,400510,42079,42079,2466,47994,47994,47994,47994
84,084_BIOMD0000000570.xml.mcp,./models/sbml/mcpExtra/withFileNo/all/084_BIOMD0000000570.xml.mcp.sbml,WithProbWEAK_UNTIL,875,334,25086,25086,25086,25086,25086,25086,25086,25086,25086,25086,25086,25086,5107,27157,53805,1127986,1052437,605,152,34665,34665,34665,34665,34665,34665,34665,34665,34665,34665,34665,34665,4876,38527,51198,1285215,1198703,28781,28781,3548,96140,96140,96140,96140
85,085_BIOMD0000000436.xml.mcp,./models/sbml/mcpExtra/withFileNo/all/085_BIOMD0000000436.xml.mcp.sbml,WithProbWEAK_UNTIL,737,137,19494,19494,19494,19494,19494,19494,19494,19494,19494,19494,19494,19494,3585,12952,44501,1294788,1204817,605,247,30649,30649,30649,30649,30649,30649,30649,30649,30649,30649,30649,30649,3609,90621,84159,2047468,1923231,23448,23448,3059,94248,94248,94248,94248
86,086_BIOMD0000000584.xml.mcp,./models/sbml/mcpExtra/withFileNo/all/086_BIOMD0000000584.xml.mcp.sbml,WithProbWEAK_UNTIL,3068,256,67213,67213,67213,67213,67213,67213,67213,67213,67213,67213,67213,67213,13420,32074,137828,343240,306279,1144,282,46486,46486,46486,46486,46486,46486,46486,46486,46486,46486,46486,46486,5621,23908,101199,206686,174892,53107,53107,3937,52402,52402,52402,52402
87,087_BIOMD0000000439.xml.mcp,./models/sbml/mcpExtra/withFileNo/all/087_BIOMD0000000439.xml.mcp.sbml,WithProbWEAK_UNTIL,1072,282,30039,30039,30039,30039,30039,30039,30039,30039,30039,30039,30039,30039,4535,48046,82701,872459,823144,560,206,29552,29552,29552,29552,29552,29552,29552,29552,29552,29552,29552,29552,6889,64663,75784,573720,541850,22470,22470,3161,70939,70939,70939,70939
88,088_BIOMD0000000586.xml.mcp,./models/sbml/mcpExtra/withFileNo/all/088_BIOMD0000000586.xml.mcp.sbml,WithProbWEAK_UNTIL,3297,366,47810,47810,47810,47810,47810,47810,47810,47810,47810,47810,47810,47810,9202,41564,103954,1568403,1472073,1061,292,37307,37307,37307,37307,37307,37307,37307,37307,37307,37307,37307,37307,4617,98730,94232,923279,877959,22007,22007,5097,126695,126695,126695,126695
89,089_BIOMD0000000587.xml.mcp,./models/sbml/mcpExtra/withFileNo/all/089_BIOMD0000000587.xml.mcp.sbml,WithProbWEAK_UNTIL,1074,231,31537,31537,31537,31537,31537,31537,31537,31537,31537,31537,31537,31537,5364,34675,66096,1716610,1577760,796,234,42588,42588,42588,42588,42588,42588,42588,42588,42588,42588,42588,42588,4521,99525,143189,940918,875086,21425,21425,3318,88179,88179,88179,88179
90,090_BIOMD0000000444.xml.mcp,./models/sbml/mcpExtra/withFileNo/all/090_BIOMD0000000444.xml.mcp.sbml,WithProbWEAK_UNTIL,923,262,91848,91848,91848,91848,91848,91848,91848,91848,91848,91848,91848,91848,4812,27775,96862,161568,127490,795,181,36115,36115,36115,36115,36115,36115,36115,36115,36115,36115,36115,36115,4100,61500,84915,104628,86733,33186,33186,3118,76592,76592,76592,76592
91,091_BIOMD0000000443.xml.mcp,./models/sbml/mcpExtra/withFileNo/all/091_BIOMD0000000443.xml.mcp.sbml,WithProbWEAK_UNTIL,990,215,24496,24496,24496,24496,24496,24496,24496,24496,24496,24496,24496,24496,4039,17608,73021,114186,100901,602,157,36612,36612,36612,36612,36612,36612,36612,36612,36612,36612,36612,36612,4823,40508,98331,169833,146058,36430,36430,3225,89388,89388,89388,89388
92,092_BIOMD0000000391.xml.mcp,./models/sbml/mcpExtra/withFileNo/all/092_BIOMD0000000391.xml.mcp.sbml,WithProbWEAK_UNTIL,1041,191,47311,47311,47311,47311,47311,47311,47311,47311,47311,47311,47311,47311,3508,41475,62008,823459,784856,547,176,47838,47838,47838,47838,47838,47838,47838,47838,47838,47838,47838,47838,2260,114434,72884,699687,662354,36320,36320,2982,54368,54368,54368,54368
93,093_BIOMD0000000467.xml.mcp,./models/sbml/mcpExtra/withFileNo/all/093_BIOMD0000000467.xml.mcp.sbml,WithProbWEAK_UNTIL,957,280,25926,25926,25926,25926,25926,25926,25926,25926,25926,25926,25926,25926,2983,28056,54186,626916,596608,1185,178,43930,43930,43930,43930,43930,43930,43930,43930,43930,43930,43930,43930,3118,96255,111774,598382,576220,14202,14202,2416,54512,54512,54512,54512
94,094_BIOMD0000000572.xml.mcp,./models/sbml/mcpExtra/withFileNo/all/094_BIOMD0000000572.xml.mcp.sbml,WithProbWEAK_UNTIL,1027,209,27339,27339,27339,27339,27339,27339,27339,27339,27339,27339,27339,27339,3910,55454,69214,975907,930244,647,225,46884,46884,46884,46884,46884,46884,46884,46884,46884,46884,46884,46884,4189,122166,113147,633645,612932,31017,31017,2505,57765,57765,57765,57765
95,095_BIOMD0000000226.xml.mcp,./models/sbml/mcpExtra/withFileNo/all/095_BIOMD0000000226.xml.mcp.sbml,WithProbWEAK_UNTIL,771,325,23943,23943,23943,23943,23943,23943,23943,23943,23943,23943,23943,23943,3701,19242,45324,964699,900163,607,149,33147,33147,33147,33147,33147,33147,33147,33147,33147,33147,33147,33147,3479,43524,52282,701840,668093,23178,23178,10584,85656,85656,85656,85656
96,096_BIOMD0000000513.xml.mcp,./models/sbml/mcpExtra/withFileNo/all/096_BIOMD0000000513.xml.mcp.sbml,WithProbWEAK_UNTIL,2024,219,86276,86276,86276,86276,86276,86276,86276,86276,86276,86276,86276,86276,7262,59688,109370,1652306,1548435,1022,192,58018,58018,58018,58018,58018,58018,58018,58018,58018,58018,58018,58018,4586,155923,98968,932946,903359,21504,21504,2719,67878,67878,67878,67878
97,097_BIOMD0000000557.xml.mcp,./models/sbml/mcpExtra/withFileNo/all/097_BIOMD0000000557.xml.mcp.sbml,WithProbWEAK_UNTIL,6395,1927,25018,25018,25018,25018,25018,25018,25018,25018,25018,25018,25018,25018,4239,29093,58923,490517,461271,282,155,34966,34966,34966,34966,34966,34966,34966,34966,34966,34966,34966,34966,2785,64091,58836,484836,467624,16959,16959,2385,49858,49858,49858,49858
98,098_BIOMD0000000427.xml.mcp,./models/sbml/mcpExtra/withFileNo/all/098_BIOMD0000000427.xml.mcp.sbml,WithProbWEAK_UNTIL,403,285,35762,35762,35762,35762,35762,35762,35762,35762,35762,35762,35762,35762,4378,42698,123526,644128,609871,358,198,37319,37319,37319,37319,37319,37319,37319,37319,37319,37319,37319,37319,6537,51771,68832,399447,374761,35478,35478,4589,55287,55287,55287,55287
99,101_BIOMD0000000259.xml.mcp,./models/sbml/mcpExtra/withFileNo/all/101_BIOMD0000000259.xml.mcp.sbml,WithProbWEAK_UNTIL,509,200,22100,22100,22100,22100,22100,22100,22100,22100,22100,22100,22100,22100,4232,18614,39885,1027416,918570,364,192,43974,43974,43974,43974,43974,43974,43974,43974,43974,43974,43974,43974,4602,168014,84827,1295662,1240189,21321,21321,2449,51457,51457,51457,51457
100,099_BIOMD0000000260.xml.mcp,./models/sbml/mcpExtra/withFileNo/all/099_BIOMD0000000260.xml.mcp.sbml,WithProbWEAK_UNTIL,420,174,21639,21639,21639,21639,21639,21639,21639,21639,21639,21639,21639,21639,4454,19387,40380,823234,757968,303,147,42673,42673,42673,42673,42673,42673,42673,42673,42673,42673,42673,42673,2580,167078,85298,1367357,1311867,16261,16261,4100,48699,48699,48699,48699
101,100_BIOMD0000000261.xml.mcp,./models/sbml/mcpExtra/withFileNo/all/100_BIOMD0000000261.xml.mcp.sbml,WithProbWEAK_UNTIL,376,196,20718,20718,20718,20718,20718,20718,20718,20718,20718,20718,20718,20718,3851,18705,45353,781429,717115,331,162,49000,49000,49000,49000,49000,49000,49000,49000,49000,49000,49000,49000,2304,182464,76455,1376981,1303536,22612,22612,2729,84978,84978,84978,84978
102,102_BIOMD0000000428.xml.mcp,./models/sbml/mcpExtra/withFileNo/all/102_BIOMD0000000428.xml.mcp.sbml,WithProbWEAK_UNTIL,381,198,28625,28625,28625,28625,28625,28625,28625,28625,28625,28625,28625,28625,3410,49429,65064,1808698,1715146,311,132,54745,54745,54745,54745,54745,54745,54745,54745,54745,54745,54745,54745,2296,145909,108577,1164449,1137130,24249,24249,2244,83610,83610,83610,83610
103,103_BIOMD0000000475.xml.mcp,./models/sbml/mcpExtra/withFileNo/all/103_BIOMD0000000475.xml.mcp.sbml,WithProbWEAK_UNTIL,376,227,22736,22736,22736,22736,22736,22736,22736,22736,22736,22736,22736,22736,4094,26522,52116,668607,626949,268,217,31990,31990,31990,31990,31990,31990,31990,31990,31990,31990,31990,31990,3065,45718,51671,528702,504437,25766,25766,3347,49947,49947,49947,49947
104,104_BIOMD0000000416.xml.mcp,./models/sbml/mcpExtra/withFileNo/all/104_BIOMD0000000416.xml.mcp.sbml,WithProbWEAK_UNTIL,383,178,39598,39598,39598,39598,39598,39598,39598,39598,39598,39598,39598,39598,4162,13906,111987,76710,62917,249,83,11775,11775,11775,11775,11775,11775,11775,11775,11775,11775,11775,11775,1873,8197,21937,6941,5879,22038,22038,2139,29682,29682,29682,29682
105,105_BIOMD0000000600.xml.mcp,./models/sbml/mcpExtra/withFileNo/all/105_BIOMD0000000600.xml.mcp.sbml,WithProbWEAK_UNTIL,244,141,24811,24811,24811,24811,24811,24811,24811,24811,24811,24811,24811,24811,2865,29111,54406,490626,452751,234,141,31345,31345,31345,31345,31345,31345,31345,31345,31345,31345,31345,31345,10637,65628,90679,139132,127260,30227,30227,2157,60351,60351,60351,60351
106,106_BIOMD0000000466.xml.mcp,./models/sbml/mcpExtra/withFileNo/all/106_BIOMD0000000466.xml.mcp.sbml,WithProbWEAK_UNTIL,417,268,31919,31919,31919,31919,31919,31919,31919,31919,31919,31919,31919,31919,4432,24571,56487,415047,378852,624,272,44531,44531,44531,44531,44531,44531,44531,44531,44531,44531,44531,44531,7943,68758,94442,233693,214882,42538,42538,2517,98069,98069,98069,98069
107,107_BIOMD0000000580.xml.mcp,./models/sbml/mcpExtra/withFileNo/all/107_BIOMD0000000580.xml.mcp.sbml,WithProbWEAK_UNTIL,372,314,35039,35039,35039,35039,35039,35039,35039,35039,35039,35039,35039,35039,4569,18771,199822,93843,79398,340,181,27204,27204,27204,27204,27204,27204,27204,27204,27204,27204,27204,27204,4180,20321,35105,66936,57363,21511,21511,2519,38993,38993,38993,38993
108,108_BIOMD0000000482.xml.mcp,./models/sbml/mcpExtra/withFileNo/all/108_BIOMD0000000482.xml.mcp.sbml,WithProbWEAK_UNTIL,561,279,32728,32728,32728,32728,32728,32728,32728,32728,32728,32728,32728,32728,4013,43999,110972,1206836,1136314,325,137,44970,44970,44970,44970,44970,44970,44970,44970,44970,44970,44970,44970,3081,121358,86173,879073,851189,16643,16643,2666,64827,64827,64827,64827
109,109_BIOMD0000000409.xml.mcp,./models/sbml/mcpExtra/withFileNo/all/109_BIOMD0000000409.xml.mcp.sbml,WithProbWEAK_UNTIL,486,196,35761,35761,35761,35761,35761,35761,35761,35761,35761,35761,35761,35761,4847,56239,79536,580260,485804,461,206,98904,98904,98904,98904,98904,98904,98904,98904,98904,98904,98904,98904,6255,255432,108957,1231436,1184687,35722,35722,2704,86412,86412,86412,86412
110,110_BIOMD0000000431.xml.mcp,./models/sbml/mcpExtra/withFileNo/all/110_BIOMD0000000431.xml.mcp.sbml,WithProbWEAK_UNTIL,968,452,47586,47586,47586,47586,47586,47586,47586,47586,47586,47586,47586,47586,11999,51907,92327,776845,744242,438,209,57391,57391,57391,57391,57391,57391,57391,57391,57391,57391,57391,57391,4884,163807,79064,1266434,1228516,56411,56411,3302,150779,150779,150779,150779
111,111_BIOMD0000000430.xml.mcp,./models/sbml/mcpExtra/withFileNo/all/111_BIOMD0000000430.xml.mcp.sbml,WithProbWEAK_UNTIL,7839,207,39717,39717,39717,39717,39717,39717,39717,39717,39717,39717,39717,39717,4257,41538,49445,1301136,1250902,364,265,75167,75167,75167,75167,75167,75167,75167,75167,75167,75167,75167,75167,6035,283206,131598,2158007,2031473,33957,33957,3765,162639,162639,162639,162639
112,112_BIOMD0000000541.xml.mcp,./models/sbml/mcpExtra/withFileNo/all/112_BIOMD0000000541.xml.mcp.sbml,WithProbWEAK_UNTIL,516,208,42097,42097,42097,42097,42097,42097,42097,42097,42097,42097,42097,42097,5635,31161,66389,301706,271954,401,157,52325,52325,52325,52325,52325,52325,52325,52325,52325,52325,52325,52325,4670,56501,57594,107484,89910,47727,47727,8112,93053,93053,93053,93053
113,113_BIOMD0000000481.xml.mcp,./models/sbml/mcpExtra/withFileNo/all/113_BIOMD0000000481.xml.mcp.sbml,WithProbWEAK_UNTIL,441,274,49577,49577,49577,49577,49577,49577,49577,49577,49577,49577,49577,49577,7064,28435,75642,460080,398857,513,179,33406,33406,33406,33406,33406,33406,33406,33406,33406,33406,33406,33406,6311,28536,56066,277531,247130,41336,41336,3299,87384,87384,87384,87384
114,114_BIOMD0000000583.xml.mcp,./models/sbml/mcpExtra/withFileNo/all/114_BIOMD0000000583.xml.mcp.sbml,WithProbWEAK_UNTIL,466,187,37625,37625,37625,37625,37625,37625,37625,37625,37625,37625,37625,37625,10352,31068,75084,1635629,1410633,400,176,52680,52680,52680,52680,52680,52680,52680,52680,52680,52680,52680,52680,5844,61892,78703,849391,801709,114863,114863,7359,136365,136365,136365,136365
115,115_BIOMD0000000449.xml.mcp,./models/sbml/mcpExtra/withFileNo/all/115_BIOMD0000000449.xml.mcp.sbml,WithProbWEAK_UNTIL,649,208,37575,37575,37575,37575,37575,37575,37575,37575,37575,37575,37575,37575,6111,28727,60324,247432,227486,402,154,48724,48724,48724,48724,48724,48724,48724,48724,48724,48724,48724,48724,4577,66251,64138,180517,162188,28487,28487,3002,108453,108453,108453,108453
116,116_BIOMD0000000448.xml.mcp,./models/sbml/mcpExtra/withFileNo/all/116_BIOMD0000000448.xml.mcp.sbml,WithProbWEAK_UNTIL,420,284,30340,30340,30340,30340,30340,30340,30340,30340,30340,30340,30340,30340,13340,38308,62507,147998,127972,364,143,45002,45002,45002,45002,45002,45002,45002,45002,45002,45002,45002,45002,3397,57398,58970,166467,150005,26749,26749,2861,102596,102596,102596,102596
117,117_BIOMD0000000426.xml.mcp,./models/sbml/mcpExtra/withFileNo/all/117_BIOMD0000000426.xml.mcp.sbml,WithProbWEAK_UNTIL,566,368,63246,63246,63246,63246,63246,63246,63246,63246,63246,63246,63246,63246,5993,135237,108522,1281989,1245924,432,216,93024,93024,93024,93024,93024,93024,93024,93024,93024,93024,93024,93024,5433,651635,197125,4099744,4026370,35455,35455,3070,212590,212590,212590,212590
118,118_BIOMD0000000447.xml.mcp,./models/sbml/mcpExtra/withFileNo/all/118_BIOMD0000000447.xml.mcp.sbml,WithProbWEAK_UNTIL,317,359,34582,34582,34582,34582,34582,34582,34582,34582,34582,34582,34582,34582,4611,29604,53866,2201964,2064241,402,228,59644,59644,59644,59644,59644,59644,59644,59644,59644,59644,59644,59644,10281,134065,116233,919888,872936,23327,23327,4474,100469,100469,100469,100469
119,119_BIOMD0000000392.xml.mcp,./models/sbml/mcpExtra/withFileNo/all/119_BIOMD0000000392.xml.mcp.sbml,WithProbWEAK_UNTIL,393,291,52970,52970,52970,52970,52970,52970,52970,52970,52970,52970,52970,52970,4261,82415,80230,1548700,1473149,342,330,69614,69614,69614,69614,69614,69614,69614,69614,69614,69614,69614,69614,3477,179719,85954,1736717,1697250,50612,50612,2809,87951,87951,87951,87951
120,120_BIOMD0000000581.xml.mcp,./models/sbml/mcpExtra/withFileNo/all/120_BIOMD0000000581.xml.mcp.sbml,WithProbWEAK_UNTIL,544,228,28177,28177,28177,28177,28177,28177,28177,28177,28177,28177,28177,28177,4156,42983,53186,791428,748433,536,246,56963,56963,56963,56963,56963,56963,56963,56963,56963,56963,56963,56963,6740,140637,105420,749875,721257,30486,30486,3134,102986,102986,102986,102986
121,121_BIOMD0000000397.xml.mcp,./models/sbml/mcpExtra/withFileNo/all/121_BIOMD0000000397.xml.mcp.sbml,WithProbWEAK_UNTIL,390,180,55984,55984,55984,55984,55984,55984,55984,55984,55984,55984,55984,55984,4300,62582,75203,3217145,3030086,389,170,74193,74193,74193,74193,74193,74193,74193,74193,74193,74193,74193,74193,5746,172541,104265,1156378,1126570,25022,25022,2801,89096,89096,89096,89096
122,122_BIOMD0000000404.xml.mcp,./models/sbml/mcpExtra/withFileNo/all/122_BIOMD0000000404.xml.mcp.sbml,WithProbWEAK_UNTIL,395,239,45794,45794,45794,45794,45794,45794,45794,45794,45794,45794,45794,45794,4729,95233,96144,1526293,1453831,322,140,87906,87906,87906,87906,87906,87906,87906,87906,87906,87906,87906,87906,2483,691750,194820,5341201,5224334,38749,38749,3442,206934,206934,206934,206934
123,123_BIOMD0000000434.xml.mcp,./models/sbml/mcpExtra/withFileNo/all/123_BIOMD0000000434.xml.mcp.sbml,WithProbWEAK_UNTIL,482,246,34444,34444,34444,34444,34444,34444,34444,34444,34444,34444,34444,34444,6038,31944,66057,2302038,2134856,399,189,45624,45624,45624,45624,45624,45624,45624,45624,45624,45624,45624,45624,5729,107874,74364,1507114,1432963,32703,32703,3423,117799,117799,117799,117799
124,124_BIOMD0000000476.xml.mcp,./models/sbml/mcpExtra/withFileNo/all/124_BIOMD0000000476.xml.mcp.sbml,WithProbWEAK_UNTIL,552,308,62225,62225,62225,62225,62225,62225,62225,62225,62225,62225,62225,62225,5295,32421,69531,311702,281186,500,230,46144,46144,46144,46144,46144,46144,46144,46144,46144,46144,46144,46144,6315,73947,78574,136253,111824,61447,61447,3962,129269,129269,129269,129269
125,125_BIOMD0000000599.xml.mcp,./models/sbml/mcpExtra/withFileNo/all/125_BIOMD0000000599.xml.mcp.sbml,WithProbWEAK_UNTIL,508,283,59333,59333,59333,59333,59333,59333,59333,59333,59333,59333,59333,59333,10341,71294,109054,2044374,1913654,528,280,79710,79710,79710,79710,79710,79710,79710,79710,79710,79710,79710,79710,8079,268732,195102,3094066,3002724,52917,52917,5020,170614,170614,170614,170614
126,126_BIOMD0000000514.xml.mcp,./models/sbml/mcpExtra/withFileNo/all/126_BIOMD0000000514.xml.mcp.sbml,WithProbWEAK_UNTIL,570,424,67056,67056,67056,67056,67056,67056,67056,67056,67056,67056,67056,67056,6116,121320,130247,3870091,3695587,518,236,105096,105096,105096,105096,105096,105096,105096,105096,105096,105096,105096,105096,6268,347295,163925,3703793,3634797,37841,37841,4028,206339,206339,206339,206339
127,127_BIOMD0000000511.xml.mcp,./models/sbml/mcpExtra/withFileNo/all/127_BIOMD0000000511.xml.mcp.sbml,WithProbWEAK_UNTIL,419,255,62189,62189,62189,62189,62189,62189,62189,62189,62189,62189,62189,62189,6853,135405,119710,3291609,3140485,415,192,93609,93609,93609,93609,93609,93609,93609,93609,93609,93609,93609,93609,8383,433123,171521,3977023,3901383,31757,31757,4272,237385,237385,237385,237385
128,128_BIOMD0000000478.xml.mcp,./models/sbml/mcpExtra/withFileNo/all/128_BIOMD0000000478.xml.mcp.sbml,WithProbWEAK_UNTIL,519,365,48234,48234,48234,48234,48234,48234,48234,48234,48234,48234,48234,48234,7089,75196,88618,1721612,1642533,400,173,65425,65425,65425,65425,65425,65425,65425,65425,65425,65425,65425,65425,21870,222619,128637,1618186,1585955,23766,23766,5236,159253,159253,159253,159253
129,129_BIOMD0000000510.xml.mcp,./models/sbml/mcpExtra/withFileNo/all/129_BIOMD0000000510.xml.mcp.sbml,WithProbWEAK_UNTIL,413,254,56280,56280,56280,56280,56280,56280,56280,56280,56280,56280,56280,56280,5224,134570,118848,2886453,2760986,515,219,102755,102755,102755,102755,102755,102755,102755,102755,102755,102755,102755,102755,6382,397816,180369,3835540,3760216,31589,31589,4231,222641,222641,222641,222641
130,130_BIOMD0000000422.xml.mcp,./models/sbml/mcpExtra/withFileNo/all/130_BIOMD0000000422.xml.mcp.sbml,WithProbWEAK_UNTIL,372,191,39099,39099,39099,39099,39099,39099,39099,39099,39099,39099,39099,39099,5100,46731,73496,3622234,3391959,383,205,51261,51261,51261,51261,51261,51261,51261,51261,51261,51261,51261,51261,5296,170332,89449,1346800,1265604,25750,25750,4458,178973,178973,178973,178973
131,131_BIOMD0000000564.xml.mcp,./models/sbml/mcpExtra/withFileNo/all/131_BIOMD0000000564.xml.mcp.sbml,WithProbWEAK_UNTIL,366,185,53515,53515,53515,53515,53515,53515,53515,53515,53515,53515,53515,53515,4843,40260,72032,312827,260639,300,138,38994,38994,38994,38994,38994,38994,38994,38994,38994,38994,38994,38994,4025,50284,57596,90733,77607,33399,33399,3874,103019,103019,103019,103019
132,132_BIOMD0000000393.xml.mcp,./models/sbml/mcpExtra/withFileNo/all/132_BIOMD0000000393.xml.mcp.sbml,WithProbWEAK_UNTIL,418,313,70108,70108,70108,70108,70108,70108,70108,70108,70108,70108,70108,70108,5052,111162,126185,2935653,2809354,422,208,71375,71375,71375,71375,71375,71375,71375,71375,71375,71375,71375,71375,4970,271915,129158,3068872,2981107,35575,35575,4201,202988,202988,202988,202988
133,133_BIOMD0000000479.xml.mcp,./models/sbml/mcpExtra/withFileNo/all/133_BIOMD0000000479.xml.mcp.sbml,WithProbWEAK_UNTIL,349,210,36771,36771,36771,36771,36771,36771,36771,36771,36771,36771,36771,36771,5453,59953,80175,1069980,1021970,328,158,66066,66066,66066,66066,66066,66066,66066,66066,66066,66066,66066,66066,4607,292852,141101,2283731,2223800,22026,22026,5226,160840,160840,160840,160840
134,134_BIOMD0000000503.xml.mcp,./models/sbml/mcpExtra/withFileNo/all/134_BIOMD0000000503.xml.mcp.sbml,WithProbWEAK_UNTIL,389,312,76806,76806,76806,76806,76806,76806,76806,76806,76806,76806,76806,76806,6329,99891,159476,2555054,2450536,520,268,81114,81114,81114,81114,81114,81114,81114,81114,81114,81114,81114,81114,5995,344563,131603,2960235,2892753,48905,48905,4948,189539,189539,189539,189539
135,135_BIOMD0000000516.xml.mcp,./models/sbml/mcpExtra/withFileNo/all/135_BIOMD0000000516.xml.mcp.sbml,WithProbWEAK_UNTIL,410,245,219668,219668,219668,219668,219668,219668,219668,219668,219668,219668,219668,219668,5090,136879,128026,3682115,3526066,403,218,158788,158788,158788,158788,158788,158788,158788,158788,158788,158788,158788,158788,11322,543346,226960,5221475,5141809,48414,48414,21117,230191,230191,230191,230191
136,136_BIOMD0000000582.xml.mcp,./models/sbml/mcpExtra/withFileNo/all/136_BIOMD0000000582.xml.mcp.sbml,WithProbWEAK_UNTIL,446,227,158843,158843,158843,158843,158843,158843,158843,158843,158843,158843,158843,158843,5758,35362,94642,128286,109362,414,154,103590,103590,103590,103590,103590,103590,103590,103590,103590,103590,103590,103590,4955,61952,89771,108414,90166,32779,32779,4419,94675,94675,94675,94675
137,137_BIOMD0000000515.xml.mcp,./models/sbml/mcpExtra/withFileNo/all/137_BIOMD0000000515.xml.mcp.sbml,WithProbWEAK_UNTIL,431,251,53833,53833,53833,53833,53833,53833,53833,53833,53833,53833,53833,53833,5673,201288,139593,3456144,3317855,1309,356,117432,117432,117432,117432,117432,117432,117432,117432,117432,117432,117432,117432,5984,524329,192590,5125207,5059736,33641,33641,5049,204506,204506,204506,204506
138,138_BIOMD0000000498.xml.mcp,./models/sbml/mcpExtra/withFileNo/all/138_BIOMD0000000498.xml.mcp.sbml,WithProbWEAK_UNTIL,391,244,53955,53955,53955,53955,53955,53955,53955,53955,53955,53955,53955,53955,10276,60054,281623,2789773,2622824,637,230,58879,58879,58879,58879,58879,58879,58879,58879,58879,58879,58879,58879,6831,151142,93526,1462154,1414406,27213,27213,4714,131824,131824,131824,131824
139,139_BIOMD0000000437.xml.mcp,./models/sbml/mcpExtra/withFileNo/all/139_BIOMD0000000437.xml.mcp.sbml,WithProbWEAK_UNTIL,852,396,73934,73934,73934,73934,73934,73934,73934,73934,73934,73934,73934,73934,12561,39148,115446,408750,380032,711,220,68620,68620,68620,68620,68620,68620,68620,68620,68620,68620,68620,68620,10527,385405,97140,92327,90257,38119,38119,4030,49417,49417,49417,49417
140,140_BIOMD0000000220.xml.mcp,./models/sbml/mcpExtra/withFileNo/all/140_BIOMD0000000220.xml.mcp.sbml,WithProbWEAK_UNTIL,448,291,52590,52590,52590,52590,52590,52590,52590,52590,52590,52590,52590,52590,4021,69284,72682,3973857,3785806,453,183,85431,85431,85431,85431,85431,85431,85431,85431,85431,85431,85431,85431,4218,158699,84323,2337815,2298218,35823,35823,3614,249125,249125,249125,249125
141,141_BIOMD0000000406.xml.mcp,./models/sbml/mcpExtra/withFileNo/all/141_BIOMD0000000406.xml.mcp.sbml,WithProbWEAK_UNTIL,519,195,38047,38047,38047,38047,38047,38047,38047,38047,38047,38047,38047,38047,3918,42026,51596,118966,97254,290,156,44548,44548,44548,44548,44548,44548,44548,44548,44548,44548,44548,44548,2904,126223,58063,101901,81117,16091,16091,3611,75846,75846,75846,75846
142,142_BIOMD0000000576.xml.mcp,./models/sbml/mcpExtra/withFileNo/all/142_BIOMD0000000576.xml.mcp.sbml,WithProbWEAK_UNTIL,724,553,72636,72636,72636,72636,72636,72636,72636,72636,72636,72636,72636,72636,11785,63251,93199,2067262,1964130,506,279,94827,94827,94827,94827,94827,94827,94827,94827,94827,94827,94827,94827,4830,262061,113610,577767,542894,20810,20810,4674,101546,101546,101546,101546
143,143_BIOMD0000000602.xml.mcp,./models/sbml/mcpExtra/withFileNo/all/143_BIOMD0000000602.xml.mcp.sbml,WithProbWEAK_UNTIL,400,226,60046,60046,60046,60046,60046,60046,60046,60046,60046,60046,60046,60046,4577,119892,106049,2958786,2874011,532,318,110327,110327,110327,110327,110327,110327,110327,110327,110327,110327,110327,110327,9209,463640,156128,2300903,2258197,20425,20425,4470,123301,123301,123301,123301
144,144_BIOMD0000000501.xml.mcp,./models/sbml/mcpExtra/withFileNo/all/144_BIOMD0000000501.xml.mcp.sbml,WithProbWEAK_UNTIL,408,257,30035,30035,30035,30035,30035,30035,30035,30035,30035,30035,30035,30035,4503,137318,99039,2602067,2457510,470,235,280155,280155,280155,280155,280155,280155,280155,280155,280155,280155,280155,280155,7367,4359589,486470,16889386,16781239,13880,13880,11634,198811,198811,198811,198811
145,145_BIOMD0000000569.xml.mcp,./models/sbml/mcpExtra/withFileNo/all/145_BIOMD0000000569.xml.mcp.sbml,WithProbWEAK_UNTIL,375,169,19866,19866,19866,19866,19866,19866,19866,19866,19866,19866,19866,19866,3570,46618,39914,329455,311181,249,111,53047,53047,53047,53047,53047,53047,53047,53047,53047,53047,53047,53047,2798,521248,102088,3029793,2983545,9399,9399,3727,128739,128739,128739,128739
146,146_BIOMD0000000606.xml.mcp,./models/sbml/mcpExtra/withFileNo/all/146_BIOMD0000000606.xml.mcp.sbml,WithProbWEAK_UNTIL,331,137,34324,34324,34324,34324,34324,34324,34324,34324,34324,34324,34324,34324,3692,39299,60276,2824292,2637832,259,99,48406,48406,48406,48406,48406,48406,48406,48406,48406,48406,48406,48406,2185,141791,65495,2066074,1980053,19414,19414,3454,136054,136054,136054,136054
147,147_BIOMD0000000604.xml.mcp,./models/sbml/mcpExtra/withFileNo/all/147_BIOMD0000000604.xml.mcp.sbml,WithProbWEAK_UNTIL,715,551,72286,72286,72286,72286,72286,72286,72286,72286,72286,72286,72286,72286,6003,56982,104827,3675921,3469367,449,409,95494,95494,95494,95494,95494,95494,95494,95494,95494,95494,95494,95494,6135,195345,90927,1852357,1761671,22839,22839,4385,120397,120397,120397,120397
148,148_BIOMD0000000477.xml.mcp,./models/sbml/mcpExtra/withFileNo/all/148_BIOMD0000000477.xml.mcp.sbml,WithProbWEAK_UNTIL,401,219,38257,38257,38257,38257,38257,38257,38257,38257,38257,38257,38257,38257,4483,34999,64071,3668146,3467645,337,202,46450,46450,46450,46450,46450,46450,46450,46450,46450,46450,46450,46450,7911,93384,95095,3253706,3113543,24619,24619,9519,89286,89286,89286,89286
149,149_BIOMD0000000227.xml.mcp,./models/sbml/mcpExtra/withFileNo/all/149_BIOMD0000000227.xml.mcp.sbml,WithProbWEAK_UNTIL,387,193,53735,53735,53735,53735,53735,53735,53735,53735,53735,53735,53735,53735,3805,38222,58631,37645037,37247725,838,305,57930,57930,57930,57930,57930,57930,57930,57930,57930,57930,57930,57930,4531,157482,87790,3331078,3181750,24430,24430,4486,95935,95935,95935,95935
150,150_BIOMD0000000424.xml.mcp,./models/sbml/mcpExtra/withFileNo/all/150_BIOMD0000000424.xml.mcp.sbml,WithProbWEAK_UNTIL,415,305,69423,69423,69423,69423,69423,69423,69423,69423,69423,69423,69423,69423,3795,58221,131006,3487529,3272592,415,236,70924,70924,70924,70924,70924,70924,70924,70924,70924,70924,70924,70924,5079,156140,120673,2047591,1971789,37455,37455,4825,140994,140994,140994,140994
151,153_BIOMD0000000610.xml.mcp,./models/sbml/mcpExtra/withFileNo/all/153_BIOMD0000000610.xml.mcp.sbml,WithProbWEAK_UNTIL,346,329,45147,45147,45147,45147,45147,45147,45147,45147,45147,45147,45147,45147,3279,48536,78461,2876102,2675867,336,161,61287,61287,61287,61287,61287,61287,61287,61287,61287,61287,61287,61287,3704,126343,83443,2016430,1924226,22130,22130,4103,75146,75146,75146,75146
152,151_BIOMD0000000605.xml.mcp,./models/sbml/mcpExtra/withFileNo/all/151_BIOMD0000000605.xml.mcp.sbml,WithProbWEAK_UNTIL,7794,230,46597,46597,46597,46597,46597,46597,46597,46597,46597,46597,46597,46597,3195,38221,60313,2772610,2565699,468,147,70455,70455,70455,70455,70455,70455,70455,70455,70455,70455,70455,70455,1766,122726,74689,1863177,1782025,33226,33226,3552,83145,83145,83145,83145
153,152_BIOMD0000000607.xml.mcp,./models/sbml/mcpExtra/withFileNo/all/152_BIOMD0000000607.xml.mcp.sbml,WithProbWEAK_UNTIL,442,297,41620,41620,41620,41620,41620,41620,41620,41620,41620,41620,41620,41620,3213,48506,64686,2894567,2689385,335,171,84864,84864,84864,84864,84864,84864,84864,84864,84864,84864,84864,84864,3643,123592,78665,2017501,1930443,21696,21696,3884,73316,73316,73316,73316
154,154_BIOMD0000000603.xml.mcp,./models/sbml/mcpExtra/withFileNo/all/154_BIOMD0000000603.xml.mcp.sbml,WithProbWEAK_UNTIL,352,221,40314,40314,40314,40314,40314,40314,40314,40314,40314,40314,40314,40314,3372,39291,94380,2794695,2602602,350,142,88240,88240,88240,88240,88240,88240,88240,88240,88240,88240,88240,88240,1871,121737,70117,1903224,1816912,30012,30012,4138,89081,89081,89081,89081
155,155_BIOMD0000000463.xml.mcp,./models/sbml/mcpExtra/withFileNo/all/155_BIOMD0000000463.xml.mcp.sbml,WithProbWEAK_UNTIL,457,244,61984,61984,61984,61984,61984,61984,61984,61984,61984,61984,61984,61984,4081,61879,105570,4098563,3782504,618,239,101219,101219,101219,101219,101219,101219,101219,101219,101219,101219,101219,101219,4666,298522,135797,1847904,1798117,20898,20898,4160,77305,77305,77305,77305
156,156_BIOMD0000000412.xml.mcp,./models/sbml/mcpExtra/withFileNo/all/156_BIOMD0000000412.xml.mcp.sbml,WithProbWEAK_UNTIL,249,148,68199,68199,68199,68199,68199,68199,68199,68199,68199,68199,68199,68199,3398,35672,89478,219001,198813,244,123,33692,33692,33692,33692,33692,33692,33692,33692,33692,33692,33692,33692,1654,43314,44942,53285,43708,24149,24149,3402,53683,53683,53683,53683
157,157_BIOMD0000000451.xml.mcp,./models/sbml/mcpExtra/withFileNo/all/157_BIOMD0000000451.xml.mcp.sbml,WithProbWEAK_UNTIL,401,191,62619,62619,62619,62619,62619,62619,62619,62619,62619,62619,62619,62619,3318,58846,69799,444557,406396,324,176,62882,62882,62882,62882,62882,62882,62882,62882,62882,62882,62882,62882,3276,91571,73728,164139,148830,29978,29978,3724,79370,79370,79370,79370
158,158_BIOMD0000000489.xml.mcp,./models/sbml/mcpExtra/withFileNo/all/158_BIOMD0000000489.xml.mcp.sbml,WithProbWEAK_UNTIL,517,275,40913,40913,40913,40913,40913,40913,40913,40913,40913,40913,40913,40913,4061,70960,57382,2636807,2403522,441,227,114477,114477,114477,114477,114477,114477,114477,114477,114477,114477,114477,114477,4214,362496,117848,3859849,3795635,33795,33795,5314,142427,142427,142427,142427
159,160_BIOMD0000000597.xml.mcp,./models/sbml/mcpExtra/withFileNo/all/160_BIOMD0000000597.xml.mcp.sbml,WithProbWEAK_UNTIL,377,199,47637,47637,47637,47637,47637,47637,47637,47637,47637,47637,47637,47637,3391,54407,51624,252933,195554,354,221,47507,47507,47507,47507,47507,47507,47507,47507,47507,47507,47507,47507,2788,43926,44090,67491,56779,24642,24642,4027,55674,55674,55674,55674
160,159_BIOMD0000000598.xml.mcp,./models/sbml/mcpExtra/withFileNo/all/159_BIOMD0000000598.xml.mcp.sbml,WithProbWEAK_UNTIL,368,227,46613,46613,46613,46613,46613,46613,46613,46613,46613,46613,46613,46613,3672,34955,48355,202374,183059,301,132,50768,50768,50768,50768,50768,50768,50768,50768,50768,50768,50768,50768,1910,51880,43843,58811,49048,25163,25163,3976,62646,62646,62646,62646
161,161_BIOMD0000000565.xml.mcp,./models/sbml/mcpExtra/withFileNo/all/161_BIOMD0000000565.xml.mcp.sbml,WithProbWEAK_UNTIL,514,262,382341,382341,382341,382341,382341,382341,382341,382341,382341,382341,382341,382341,3494,664226,465059,10545618,10042489,730,312,288642,288642,288642,288642,288642,288642,288642,288642,288642,288642,288642,288642,21764,729336,618356,12970753,12544410,35736,35736,5454,198105,198105,198105,198105
162,162_BIOMD0000000505.xml.mcp,./models/sbml/mcpExtra/withFileNo/all/162_BIOMD0000000505.xml.mcp.sbml,WithProbWEAK_UNTIL,368,208,84746,84746,84746,84746,84746,84746,84746,84746,84746,84746,84746,84746,1473,182901,194643,4893719,4568629,551,230,198015,198015,198015,198015,198015,198015,198015,198015,198015,198015,198015,198015,1143,3723951,514203,11507111,11425089,36283,36283,5621,183363,183363,183363,183363
163,163_BIOMD0000000506.xml.mcp,./models/sbml/mcpExtra/withFileNo/all/163_BIOMD0000000506.xml.mcp.sbml,WithProbWEAK_UNTIL,480,328,60026,60026,60026,60026,60026,60026,60026,60026,60026,60026,60026,60026,1478,154395,103570,4126163,3898757,600,218,218912,218912,218912,218912,218912,218912,218912,218912,218912,218912,218912,218912,1484,3011696,444860,13753171,13637174,38905,38905,6134,247981,247981,247981,247981
164,164_BIOMD0000000446.xml.mcp,./models/sbml/mcpExtra/withFileNo/all/164_BIOMD0000000446.xml.mcp.sbml,WithProbWEAK_UNTIL,536,205,137281,137281,137281,137281,137281,137281,137281,137281,137281,137281,137281,137281,1593,57059,143776,396207,367658,372,224,74129,74129,74129,74129,74129,74129,74129,74129,74129,74129,74129,74129,2099,89405,116169,155928,130401,47979,47979,4880,125854,125854,125854,125854
165,165_BIOMD0000000490.xml.mcp,./models/sbml/mcpExtra/withFileNo/all/165_BIOMD0000000490.xml.mcp.sbml,WithProbWEAK_UNTIL,508,236,86339,86339,86339,86339,86339,86339,86339,86339,86339,86339,86339,86339,1561,51287,64983,216699,198100,359,183,75061,75061,75061,75061,75061,75061,75061,75061,75061,75061,75061,75061,1679,73347,76895,102849,88666,23331,23331,4367,71674,71674,71674,71674
166,166_BIOMD0000000568.xml.mcp,./models/sbml/mcpExtra/withFileNo/all/166_BIOMD0000000568.xml.mcp.sbml,WithProbWEAK_UNTIL,565,359,49875,49875,49875,49875,49875,49875,49875,49875,49875,49875,49875,49875,1514,39715,64988,3310730,3100987,486,213,111415,111415,111415,111415,111415,111415,111415,111415,111415,111415,111415,111415,1896,641649,233395,1837020,1789932,42679,42679,5540,177553,177553,177553,177553
167,167_BIOMD0000000575.xml.mcp,./models/sbml/mcpExtra/withFileNo/all/167_BIOMD0000000575.xml.mcp.sbml,WithProbWEAK_UNTIL,501,260,80208,80208,80208,80208,80208,80208,80208,80208,80208,80208,80208,80208,1838,115533,166645,3961411,3805954,395,238,78999,78999,78999,78999,78999,78999,78999,78999,78999,78999,78999,78999,1849,271493,204793,3409048,3316785,47951,47951,5945,189744,189744,189744,189744
168,169_BIOMD0000000445.xml.mcp,./models/sbml/mcpExtra/withFileNo/all/169_BIOMD0000000445.xml.mcp.sbml,WithProbWEAK_UNTIL,494,243,80465,80465,80465,80465,80465,80465,80465,80465,80465,80465,80465,80465,1759,49316,129533,346406,316073,811,201,83596,83596,83596,83596,83596,83596,83596,83596,83596,83596,83596,83596,5955,89120,144518,218573,197803,68693,68693,50030,179640,179640,179640,179640
169,168_BIOMD0000000577.xml.mcp,./models/sbml/mcpExtra/withFileNo/all/168_BIOMD0000000577.xml.mcp.sbml,WithProbWEAK_UNTIL,479,203,76925,76925,76925,76925,76925,76925,76925,76925,76925,76925,76925,76925,1560,49696,158933,344271,313806,405,198,74504,74504,74504,74504,74504,74504,74504,74504,74504,74504,74504,74504,1834,82121,108389,124538,103481,57694,57694,5308,140492,140492,140492,140492
170,170_BIOMD0000000494.xml.mcp,./models/sbml/mcpExtra/withFileNo/all/170_BIOMD0000000494.xml.mcp.sbml,WithProbWEAK_UNTIL,574,222,80224,80224,80224,80224,80224,80224,80224,80224,80224,80224,80224,80224,1586,60648,147074,3011599,2807890,454,202,78658,78658,78658,78658,78658,78658,78658,78658,78658,78658,78658,78658,2050,138112,137962,818504,790882,64240,64240,4682,174842,174842,174842,174842
171,171_BIOMD0000000468.xml.mcp,./models/sbml/mcpExtra/withFileNo/all/171_BIOMD0000000468.xml.mcp.sbml,WithProbWEAK_UNTIL,302,182,50556,50556,50556,50556,50556,50556,50556,50556,50556,50556,50556,50556,972,83630,131648,754440,693104,387,130,72918,72918,72918,72918,72918,72918,72918,72918,72918,72918,72918,72918,1734,135604,169639,666818,621303,45931,45931,4369,173614,173614,173614,173614
172,172_BIOMD0000000611.xml.mcp,./models/sbml/mcpExtra/withFileNo/all/172_BIOMD0000000611.xml.mcp.sbml,WithProbWEAK_UNTIL,757,327,78268,78268,78268,78268,78268,78268,78268,78268,78268,78268,78268,78268,2648,81160,158441,5306668,5137637,404,251,146173,146173,146173,146173,146173,146173,146173,146173,146173,146173,146173,146173,1636,2159427,180446,5662128,5579731,45776,45776,4949,267088,267088,267088,267088
173,173_BIOMD0000000512.xml.mcp,./models/sbml/mcpExtra/withFileNo/all/173_BIOMD0000000512.xml.mcp.sbml,WithProbWEAK_UNTIL,336,131,41844,41844,41844,41844,41844,41844,41844,41844,41844,41844,41844,41844,10613,43220,72326,1054743,986064,234,120,52702,52702,52702,52702,52702,52702,52702,52702,52702,52702,52702,52702,811,89535,55811,401845,373293,21905,21905,3664,67351,67351,67351,67351
174,174_BIOMD0000000450.xml.mcp,./models/sbml/mcpExtra/withFileNo/all/174_BIOMD0000000450.xml.mcp.sbml,WithProbWEAK_UNTIL,415,196,48244,48244,48244,48244,48244,48244,48244,48244,48244,48244,48244,48244,5251,100207,90917,4861360,4621284,318,171,164902,164902,164902,164902,164902,164902,164902,164902,164902,164902,164902,164902,5744,605939,201403,11116169,11043347,40960,40960,5194,168260,168260,168260,168260
175,175_BIOMD0000000491.xml.mcp,./models/sbml/mcpExtra/withFileNo/all/175_BIOMD0000000491.xml.mcp.sbml,WithProbWEAK_UNTIL,464,364,52228,52228,52228,52228,52228,52228,52228,52228,52228,52228,52228,52228,1984,66789,58661,2154350,2066345,628,875,366769,366769,366769,366769,366769,366769,366769,366769,366769,366769,366769,366769,3401,769715,309828,14978689,14899009,34439,34439,5336,188886,188886,188886,188886
176,176_BIOMD0000000492.xml.mcp,./models/sbml/mcpExtra/withFileNo/all/176_BIOMD0000000492.xml.mcp.sbml,WithProbWEAK_UNTIL,477,391,46097,46097,46097,46097,46097,46097,46097,46097,46097,46097,46097,46097,1713,71516,67747,1639105,1582020,423,210,257337,257337,257337,257337,257337,257337,257337,257337,257337,257337,257337,257337,1659,1165167,455612,17027921,16920327,33195,33195,5506,303186,303186,303186,303186
177,177_BIOMD0000000542.xml.mcp,./models/sbml/mcpExtra/withFileNo/all/177_BIOMD0000000542.xml.mcp.sbml,WithProbWEAK_UNTIL,432,192,65953,65953,65953,65953,65953,65953,65953,65953,65953,65953,65953,65953,8194,84408,81559,1752583,1689404,345,143,112540,112540,112540,112540,112540,112540,112540,112540,112540,112540,112540,112540,1051,472678,129748,4569062,4521701,29770,29770,4487,130261,130261,130261,130261
178,178_BIOMD0000000536.xml.mcp,./models/sbml/mcpExtra/withFileNo/all/178_BIOMD0000000536.xml.mcp.sbml,WithProbWEAK_UNTIL,596,285,62211,62211,62211,62211,62211,62211,62211,62211,62211,62211,62211,62211,11794,58095,64857,5837344,5516067,641,248,134280,134280,134280,134280,134280,134280,134280,134280,134280,134280,134280,134280,1549,327004,162579,7643409,7467172,49655,49655,5117,166262,166262,166262,166262
179,179_BIOMD0000000480.xml.mcp,./models/sbml/mcpExtra/withFileNo/all/179_BIOMD0000000480.xml.mcp.sbml,WithProbWEAK_UNTIL,424,210,78288,78288,78288,78288,78288,78288,78288,78288,78288,78288,78288,78288,1782,50279,68205,150995,129121,229,120,74409,74409,74409,74409,74409,74409,74409,74409,74409,74409,74409,74409,775,183034,121193,196844,175999,23846,23846,4611,102519,102519,102519,102519
180,180_BIOMD0000000534.xml.mcp,./models/sbml/mcpExtra/withFileNo/all/180_BIOMD0000000534.xml.mcp.sbml,WithProbWEAK_UNTIL,421,418,75987,75987,75987,75987,75987,75987,75987,75987,75987,75987,75987,75987,2602,61957,69872,5431716,5089099,427,313,131257,131257,131257,131257,131257,131257,131257,131257,131257,131257,131257,131257,2070,244389,163610,6727483,6616027,41994,41994,4645,207255,207255,207255,207255
181,181_BIOMD0000000535.xml.mcp,./models/sbml/mcpExtra/withFileNo/all/181_BIOMD0000000535.xml.mcp.sbml,WithProbWEAK_UNTIL,481,298,63267,63267,63267,63267,63267,63267,63267,63267,63267,63267,63267,63267,1497,59020,132439,5402370,5080886,356,148,126404,126404,126404,126404,126404,126404,126404,126404,126404,126404,126404,126404,1726,254864,112564,5825369,5713286,43755,43755,6371,147101,147101,147101,147101
182,182_BIOMD0000000537.xml.mcp,./models/sbml/mcpExtra/withFileNo/all/182_BIOMD0000000537.xml.mcp.sbml,WithProbWEAK_UNTIL,435,209,79762,79762,79762,79762,79762,79762,79762,79762,79762,79762,79762,79762,1641,89382,126575,8590200,8254308,379,136,85226,85226,85226,85226,85226,85226,85226,85226,85226,85226,85226,85226,1608,340189,182532,6513174,6390476,26345,26345,5085,163207,163207,163207,163207
183,183_BIOMD0000000407.xml.mcp,./models/sbml/mcpExtra/withFileNo/all/183_BIOMD0000000407.xml.mcp.sbml,WithProbWEAK_UNTIL,412,292,66157,66157,66157,66157,66157,66157,66157,66157,66157,66157,66157,66157,1904,51716,102826,4567359,4289135,508,225,117646,117646,117646,117646,117646,117646,117646,117646,117646,117646,117646,117646,1814,159604,102837,2709757,2591152,35658,35658,5856,157069,157069,157069,157069
184,184_BIOMD0000000410.xml.mcp,./models/sbml/mcpExtra/withFileNo/all/184_BIOMD0000000410.xml.mcp.sbml,WithProbWEAK_UNTIL,578,351,68611,68611,68611,68611,68611,68611,68611,68611,68611,68611,68611,68611,1205,77029,87940,6906189,6394508,482,171,145525,145525,145525,145525,145525,145525,145525,145525,145525,145525,145525,145525,1567,376674,150846,8354318,8300025,49630,49630,5684,148026,148026,148026,148026
185,185_BIOMD0000000578.xml.mcp,./models/sbml/mcpExtra/withFileNo/all/185_BIOMD0000000578.xml.mcp.sbml,WithProbWEAK_UNTIL,507,309,73835,73835,73835,73835,73835,73835,73835,73835,73835,73835,73835,73835,1666,75369,121816,3175633,3065721,393,233,146746,146746,146746,146746,146746,146746,146746,146746,146746,146746,146746,146746,1656,415719,154063,8024388,7967031,46858,46858,5378,172964,172964,172964,172964
186,186_BIOMD0000000571.xml.mcp,./models/sbml/mcpExtra/withFileNo/all/186_BIOMD0000000571.xml.mcp.sbml,WithProbWEAK_UNTIL,421,231,75876,75876,75876,75876,75876,75876,75876,75876,75876,75876,75876,75876,1210,92714,110312,7517821,7145973,395,231,231532,231532,231532,231532,231532,231532,231532,231532,231532,231532,231532,231532,1748,969049,224227,4428800,4369257,50389,50389,4774,313497,313497,313497,313497
187,187_BIOMD0000000594.xml.mcp,./models/sbml/mcpExtra/withFileNo/all/187_BIOMD0000000594.xml.mcp.sbml,WithProbWEAK_UNTIL,419,260,55747,55747,55747,55747,55747,55747,55747,55747,55747,55747,55747,55747,1381,121008,75203,1322665,1279613,357,315,447401,447401,447401,447401,447401,447401,447401,447401,447401,447401,447401,447401,1371,6123646,727176,88063197,87723260,30563,30563,4786,304196,304196,304196,304196
188,188_BIOMD0000000488.xml.mcp,./models/sbml/mcpExtra/withFileNo/all/188_BIOMD0000000488.xml.mcp.sbml,WithProbWEAK_UNTIL,420,188,73186,73186,73186,73186,73186,73186,73186,73186,73186,73186,73186,73186,1494,130188,121643,3518018,3377052,378,234,196024,196024,196024,196024,196024,196024,196024,196024,196024,196024,196024,196024,1520,813341,267028,7902336,7835087,31806,31806,4120,216093,216093,216093,216093
189,189_BIOMD0000000560.xml.mcp,./models/sbml/mcpExtra/withFileNo/all/189_BIOMD0000000560.xml.mcp.sbml,WithProbWEAK_UNTIL,380,167,68664,68664,68664,68664,68664,68664,68664,68664,68664,68664,68664,68664,1299,102684,86371,2185032,2124526,668,218,206590,206590,206590,206590,206590,206590,206590,206590,206590,206590,206590,206590,3439,325682,159660,7562367,7499265,23225,23225,4654,166641,166641,166641,166641
190,190_BIOMD0000000399.xml.mcp,./models/sbml/mcpExtra/withFileNo/all/190_BIOMD0000000399.xml.mcp.sbml,WithProbWEAK_UNTIL,347,143,72573,72573,72573,72573,72573,72573,72573,72573,72573,72573,72573,72573,1554,186422,111427,5550116,5420824,270,128,270547,270547,270547,270547,270547,270547,270547,270547,270547,270547,270547,270547,1487,1621300,382863,36107497,35972202,42809,42809,12642,309207,309207,309207,309207
191,191_BIOMD0000000544.xml.mcp,./models/sbml/mcpExtra/withFileNo/all/191_BIOMD0000000544.xml.mcp.sbml,WithProbWEAK_UNTIL,393,172,74172,74172,74172,74172,74172,74172,74172,74172,74172,74172,74172,74172,1240,124602,111457,6795118,6406185,302,164,161809,161809,161809,161809,161809,161809,161809,161809,161809,161809,161809,161809,1373,646392,227862,15564304,15484058,38427,38427,4550,232252,232252,232252,232252
192,192_BIOMD0000000559.xml.mcp,./models/sbml/mcpExtra/withFileNo/all/192_BIOMD0000000559.xml.mcp.sbml,WithProbWEAK_UNTIL,415,164,78755,78755,78755,78755,78755,78755,78755,78755,78755,78755,78755,78755,1395,93095,82334,6047128,5786957,249,181,143797,143797,143797,143797,143797,143797,143797,143797,143797,143797,143797,143797,1248,1295140,227184,28957576,28089404,29716,29716,4412,188521,188521,188521,188521
193,193_BIOMD0000000504.xml.mcp,./models/sbml/mcpExtra/withFileNo/all/193_BIOMD0000000504.xml.mcp.sbml,WithProbWEAK_UNTIL,365,103,66811,66811,66811,66811,66811,66811,66811,66811,66811,66811,66811,66811,1656,95184,99456,2993102,2908910,290,120,115742,115742,115742,115742,115742,115742,115742,115742,115742,115742,115742,115742,960,435956,172615,9069224,9008182,33729,33729,4357,190101,190101,190101,190101
194,194_BIOMD0000000543.xml.mcp,./models/sbml/mcpExtra/withFileNo/all/194_BIOMD0000000543.xml.mcp.sbml,WithProbWEAK_UNTIL,300,154,83407,83407,83407,83407,83407,83407,83407,83407,83407,83407,83407,83407,1274,130331,113476,8924864,8560086,397,190,201730,201730,201730,201730,201730,201730,201730,201730,201730,201730,201730,201730,1087,754324,250345,17991926,17877261,64515,64515,10324,343614,343614,343614,343614
195,196_BIOMD0000000453.xml.mcp,./models/sbml/mcpExtra/withFileNo/all/196_BIOMD0000000453.xml.mcp.sbml,WithProbWEAK_UNTIL,392,248,73085,73085,73085,73085,73085,73085,73085,73085,73085,73085,73085,73085,1841,138842,152919,6517078,6334012,425,204,164953,164953,164953,164953,164953,164953,164953,164953,164953,164953,164953,164953,1624,691719,242459,17257509,17133891,37990,37990,4802,247707,247707,247707,247707
196,195_BIOMD0000000452.xml.mcp,./models/sbml/mcpExtra/withFileNo/all/195_BIOMD0000000452.xml.mcp.sbml,WithProbWEAK_UNTIL,344,146,70049,70049,70049,70049,70049,70049,70049,70049,70049,70049,70049,70049,1673,141862,129601,6740418,6561638,316,169,186876,186876,186876,186876,186876,186876,186876,186876,186876,186876,186876,186876,1446,663272,254824,19902436,19785559,52076,52076,4391,311881,311881,311881,311881
197,197_BIOMD0000000608.xml.mcp,./models/sbml/mcpExtra/withFileNo/all/197_BIOMD0000000608.xml.mcp.sbml,WithProbWEAK_UNTIL,351,195,124650,124650,124650,124650,124650,124650,124650,124650,124650,124650,124650,124650,1567,179897,114935,11883616,11339612,440,297,220167,220167,220167,220167,220167,220167,220167,220167,220167,220167,220167,220167,1232,1470484,300406,19258732,18997757,55672,55672,4351,260873,260873,260873,260873
198,198_BIOMD0000000588.xml.mcp,./models/sbml/mcpExtra/withFileNo/all/198_BIOMD0000000588.xml.mcp.sbml,WithProbWEAK_UNTIL,418,288,105235,105235,105235,105235,105235,105235,105235,105235,105235,105235,105235,105235,1178,122741,104699,9646678,9199063,295,143,163767,163767,163767,163767,163767,163767,163767,163767,163767,163767,163767,163767,771,620053,198864,11706488,11608928,39784,39784,11658,175767,175767,175767,175767
199,199_BIOMD0000000457.xml.mcp,./models/sbml/mcpExtra/withFileNo/all/199_BIOMD0000000457.xml.mcp.sbml,WithProbWEAK_UNTIL,378,186,124794,124794,124794,124794,124794,124794,124794,124794,124794,124794,124794,124794,1646,164213,135310,8508495,8384903,393,206,282332,282332,282332,282332,282332,282332,282332,282332,282332,282332,282332,282332,1268,1374047,294965,26051360,25942955,68853,68853,4335,292550,292550,292550,292550
200,200_BIOMD0000000579.xml.mcp,./models/sbml/mcpExtra/withFileNo/all/200_BIOMD0000000579.xml.mcp.sbml,WithProbWEAK_UNTIL,335,226,175633,175633,175633,175633,175633,175633,175633,175633,175633,175633,175633,175633,1809,207186,213642,9748644,9497099,321,221,236241,236241,236241,236241,236241,236241,236241,236241,236241,236241,236241,236241,2364,1182614,330941,25090200,24709134,76335,76335,4466,291534,291534,291534,291534
201,201_BIOMD0000000474.xml.mcp,./models/sbml/mcpExtra/withFileNo/all/201_BIOMD0000000474.xml.mcp.sbml,WithProbWEAK_UNTIL,446,177,95096,95096,95096,95096,95096,95096,95096,95096,95096,95096,95096,95096,1639,155613,144561,4121224,3955752,461,319,1467919,1467919,1467919,1467919,1467919,1467919,1467919,1467919,1467919,1467919,1467919,1467919,1817,11878866,2075121,130435186,130088087,51148,51148,4326,452509,452509,452509,452509
202,202_BIOMD0000000496.xml.mcp,./models/sbml/mcpExtra/withFileNo/all/202_BIOMD0000000496.xml.mcp.sbml,WithProbWEAK_UNTIL,680,286,683852,683852,683852,683852,683852,683852,683852,683852,683852,683852,683852,683852,1650,7724895,1957127,140329489,139485905,323,363,4696051,4696051,4696051,4696051,4696051,4696051,4696051,4696051,4696051,4696051,4696051,4696051,1237,570973445,26268557,3526179565,3518331077,139389,139389,4651,918637,918637,918637,918637
203,203_BIOMD0000000497.xml.mcp,./models/sbml/mcpExtra/withFileNo/all/203_BIOMD0000000497.xml.mcp.sbml,WithProbWEAK_UNTIL,287,217,341058,341058,341058,341058,341058,341058,341058,341058,341058,341058,341058,341058,2854,4670890,709578,168360404,166989064,721,462,9240060,9240060,9240060,9240060,9240060,9240060,9240060,9240060,9240060,9240060,9240060,9240060,4315,588183200,9514843,3499202594,3490231883,90158,90158,27755,909211,909211,909211,909211
204,204_BIOMD0000000471.xml.mcp,./models/sbml/mcpExtra/withFileNo/all/204_BIOMD0000000471.xml.mcp.sbml,WithProbWEAK_UNTIL,483,367,548145,548145,548145,548145,548145,548145,548145,548145,548145,548145,548145,548145,1385,3109819,805451,103954742,103094115,320,208,2721278,2721278,2721278,2721278,2721278,2721278,2721278,2721278,2721278,2721278,2721278,2721278,1199,128614809,3681033,1349553722,1347473550,222938,222938,20536,792494,792494,792494,792494
205,205_BIOMD0000000472.xml.mcp,./models/sbml/mcpExtra/withFileNo/all/205_BIOMD0000000472.xml.mcp.sbml,WithProbWEAK_UNTIL,356,228,945662,945662,945662,945662,945662,945662,945662,945662,945662,945662,945662,945662,1603,4301285,886387,106343393,105455778,432,266,3468109,3468109,3468109,3468109,3468109,3468109,3468109,3468109,3468109,3468109,3468109,3468109,1338,95636136,4052791,1347254801,1345162469,203065,203065,10736,796077,796077,796077,796077
206,206_BIOMD0000000473.xml.mcp,./models/sbml/mcpExtra/withFileNo/all/206_BIOMD0000000473.xml.mcp.sbml,WithProbWEAK_UNTIL,338,186,467946,467946,467946,467946,467946,467946,467946,467946,467946,467946,467946,467946,1408,2998439,709095,120740020,119068737,364,193,2234595,2234595,2234595,2234595,2234595,2234595,2234595,2234595,2234595,2234595,2234595,2234595,1122,99071864,4253454,1525886492,1523582583,215902,215902,4349,839233,839233,839233,839233
207,208_BIOMD0000000470.xml.mcp,./models/sbml/mcpExtra/withFileNo/all/208_BIOMD0000000470.xml.mcp.sbml,WithProbWEAK_UNTIL,368,208,450725,450725,450725,450725,450725,450725,450725,450725,450725,450725,450725,450725,1138,2682318,761036,165138578,162713105,439,183,2802415,2802415,2802415,2802415,2802415,2802415,2802415,2802415,2802415,2802415,2802415,2802415,1557,119007357,4837770,2618965594,2601974543,279511,279511,4514,1048623,1048623,1048623,1048623
208,207_BIOMD0000000469.xml.mcp,./models/sbml/mcpExtra/withFileNo/all/207_BIOMD0000000469.xml.mcp.sbml,WithProbWEAK_UNTIL,322,186,486063,486063,486063,486063,486063,486063,486063,486063,486063,486063,486063,486063,1213,2655720,816379,163135567,160610791,429,359,3871929,3871929,3871929,3871929,3871929,3871929,3871929,3871929,3871929,3871929,3871929,3871929,1722,144395401,5211992,2516420858,2496301100,241575,241575,4547,1000447,1000447,1000447,1000447
209,209_BIOMD0000000574.xml.mcp,./models/sbml/mcpExtra/withFileNo/all/209_BIOMD0000000574.xml.mcp.sbml,WithProbWEAK_UNTIL,7833,189,212542,212542,212542,212542,212542,212542,212542,212542,212542,212542,212542,212542,2066,2364202,389608,36868757,36612851,449,335,15220764,15220764,15220764,15220764,15220764,15220764,15220764,15220764,15220764,15220764,15220764,15220764,1397,3693051499,33829099,21618091515,21600640843,74952,74952,4555,1195800,1195800,1195800,1195800
210,210_BIOMD0000000595.xml.mcp,./models/sbml/mcpExtra/withFileNo/all/210_BIOMD0000000595.xml.mcp.sbml,WithProbWEAK_UNTIL,401,180,301955,301955,301955,301955,301955,301955,301955,301955,301955,301955,301955,301955,1267,2703475,659216,76085691,75770903,498,345,17990969,17990969,17990969,17990969,17990969,17990969,17990969,17990969,17990969,17990969,17990969,17990969,1243,1843609617,35806287,63819708584,63800282447,63155,63155,4733,2747288,2747288,2747288,2747288
