SpeciesG_PD_Vertices,SpeciesG_PD_Edges,SpeciesG_PD_InDegreeMIN,SpeciesG_PD_InDegreeMEAN,SpeciesG_PD_InDegreeMAX,SpeciesG_PD_InDegreeSUM,SpeciesG_PD_OutDegreeMIN,SpeciesG_PD_OutDegreeMEAN,SpeciesG_PD_OutDegreeMAX,SpeciesG_PD_OutDegreeSUM,SpeciesG_PD_TotalDegreeMIN,SpeciesG_PD_TotalDegreeMEAN,SpeciesG_PD_TotalDegreeMAX,SpeciesG_PD_TotalDegreeSUM,SpeciesG_PD_Density,SpeciesG_PD_Reciprocity,SpeciesG_PD_WeakComponents,SpeciesG_PUD_UNDIRECTEDBiconnectedComponents,SpeciesG_PUD_UNDIRECTEDArticulationPoints,ReactionG_PD_Vertices,ReactionG_PD_Edges,ReactionG_PD_InDegreeMIN,ReactionG_PD_InDegreeMEAN,ReactionG_PD_InDegreeMAX,ReactionG_PD_InDegreeSUM,ReactionG_PD_OutDegreeMIN,ReactionG_PD_OutDegreeMEAN,ReactionG_PD_OutDegreeMAX,ReactionG_PD_OutDegreeSUM,ReactionG_PD_TotalDegreeMIN,ReactionG_PD_TotalDegreeMEAN,ReactionG_PD_TotalDegreeMAX,ReactionG_PD_TotalDegreeSUM,ReactionG_PD_Density,ReactionG_PD_Reciprocity,ReactionG_PD_WeakComponents,ReactionG_PUD_UNDIRECTEDBiconnectedComponents,ReactionG_PUD_UNDIRECTEDArticulationPoints,NG_NumOfNONConstantSpecies,NG_Species_X_Reactions,NG_UpdatesMIN,NG_UpdatesMEAN,NG_UpdatesMAX,NG_UpdatesSUM,SSA
12,17,0,1.416666667,2,17,0,1.416666667,2,17,2,2.833333333,4,34,0.118055556,0,1,1,0,17,51,2,3,4,51,1,3,4,51,3,5,7,85,0.176470588,0.568627451,1,1,0,12,204,2,2,2,34,tl
13,25,0,1.923076923,3,25,0,1.923076923,8,25,2,3.846153846,8,50,0.147928994,0,1,1,0,17,115,2,6.764705882,12,115,1,6.764705882,12,115,3,12.05882353,21,205,0.397923875,0.808695652,1,1,0,13,221,2,2.470588235,3,42,pdm
9,7,0,0.777777778,2,7,0,0.777777778,2,7,1,1.555555556,3,14,0.086419753,0,3,2,1,7,13,1,1.857142857,3,13,1,1.857142857,3,13,2,2.714285714,4,19,0.265306122,0.692307692,3,1,0,9,63,2,2,2,14,pdm
7,7,0,1,2,7,0,1,2,7,1,2,3,14,0.142857143,0.571428571,3,2,1,7,15,1,2.142857143,3,15,2,2.142857143,3,15,3,3.285714286,4,23,0.306122449,0.866666667,3,1,0,7,49,2,2,2,14,odm
7,11,1,1.571428571,3,11,1,1.571428571,3,11,2,3.142857143,4,22,0.224489796,0.545454545,1,1,0,9,29,2,3.222222222,6,29,2,3.222222222,5,29,3,5.333333333,9,48,0.358024691,0.75862069,1,1,0,7,63,2,2.222222222,3,20,odm
3,3,1,1,1,3,1,1,1,3,2,2,2,6,0.333333333,0,1,1,0,3,6,2,2,2,6,2,2,2,6,3,3,3,9,0.666666667,0.5,1,1,0,3,9,2,2,2,6,tl
24,28,0,1.166666667,6,28,0,1.166666667,5,28,1,2.333333333,11,56,0.048611111,0.428571429,6,10,5,25,124,1,4.96,16,124,1,4.96,11,124,1,8.8,25,220,0.1984,0.709677419,6,1,0,24,600,2,2.12,3,53,pdm
13,15,0,1.153846154,3,15,0,1.153846154,4,15,1,2.307692308,6,30,0.088757396,0.266666667,3,6,3,13,48,1,3.692307692,11,48,1,3.692307692,8,48,2,6.307692308,17,82,0.284023669,0.708333333,3,1,0,13,169,2,2.153846154,3,28,odm
22,40,1,1.818181818,3,40,1,1.818181818,3,40,2,3.636363636,6,80,0.082644628,0.5,1,5,4,20,100,2,5,10,100,3,5,7,100,4,8.5,14,170,0.25,0.7,1,1,0,22,440,3,3,3,60,sdm
8,10,1,1.25,2,10,1,1.25,2,10,2,2.5,4,20,0.15625,1,3,1,0,10,28,2,2.8,4,28,2,2.8,3,28,3,4.6,6,46,0.28,0.857142857,3,1,0,8,80,2,2,2,20,tl
22,60,2,2.727272727,6,60,1,2.727272727,4,60,3,5.454545455,9,120,0.123966942,0.666666667,1,5,4,30,180,3,6,15,180,4,6,8,180,6,10.66666667,20,320,0.2,0.666666667,1,1,0,22,660,3,3,3,90,sdm
18,12,0,0.666666667,1,12,0,0.666666667,1,12,1,1.333333333,2,24,0.037037037,0,6,2,1,12,18,1,1.5,2,18,1,1.5,2,18,2,2,2,24,0.125,0.666666667,6,1,0,18,216,2,2,2,24,tl
86,586,2,6.813953488,34,586,1,6.813953488,19,586,3,13.62790698,51,1172,0.079232017,0.887372014,1,2,1,300,7365,3,24.55,86,7365,7,24.55,38,7365,15,47.66666667,120,14300,0.081833333,0.506449423,1,1,0,86,25800,2,2.953333333,3,886,pdm
22,40,0,1.818181818,5,40,0,1.818181818,5,40,1,3.636363636,10,80,0.082644628,0.35,1,9,6,37,209,1,5.648648649,12,209,1,5.648648649,12,209,2,10.21621622,21,378,0.15266618,0.641148325,1,2,1,22,814,2,2.081081081,3,77,pdm
6,10,1,1.666666667,2,10,1,1.666666667,3,10,2,3.333333333,5,20,0.277777778,0.8,1,3,2,10,38,2,3.8,5,38,3,3.8,5,38,4,6.6,9,66,0.38,0.736842105,1,1,0,6,60,2,2,2,20,tl
95,225,0,2.368421053,8,225,0,2.368421053,8,225,1,4.736842105,12,450,0.024930748,0.231111111,1,7,6,125,867,1,6.936,18,867,2,6.936,14,867,3,12.44,30,1555,0.055488,0.637831603,1,2,1,95,11875,2,2.8,3,350,pdm
24,25,0,1.041666667,2,25,0,1.041666667,3,25,1,2.083333333,5,50,0.043402778,0.32,3,17,8,24,86,1,3.583333333,8,86,1,3.583333333,8,86,2,6.125,14,147,0.149305556,0.73255814,3,4,2,24,576,2,2.041666667,3,49,pdm
12,34,0,2.833333333,20,34,1,2.833333333,6,34,1,5.666666667,26,68,0.236111111,0.470588235,1,6,2,32,265,3,8.28125,26,265,6,8.28125,9,265,9,15.5,34,496,0.258789063,0.528301887,1,1,0,12,384,2,2.0625,3,66,pdm
13,26,0,2,6,26,0,2,6,26,1,4,11,52,0.153846154,0.076923077,1,6,5,11,57,1,5.181818182,11,57,2,5.181818182,9,57,2,9,17,99,0.47107438,0.649122807,1,2,1,13,143,2,3,4,33,pdm
3,4,1,1.333333333,2,4,1,1.333333333,2,4,2,2.666666667,4,8,0.444444444,1,1,2,1,4,12,2,3,4,12,3,3,3,12,4,5,6,20,0.75,0.833333333,1,1,0,3,12,2,2,2,8,pdm
3,4,1,1.333333333,2,4,1,1.333333333,2,4,2,2.666666667,4,8,0.444444444,1,1,2,1,4,12,2,3,4,12,3,3,3,12,4,5,6,20,0.75,0.833333333,1,1,0,3,12,2,2,2,8,pdm
11,18,1,1.636363636,2,18,1,1.636363636,2,18,2,3.272727273,4,36,0.148760331,0.222222222,1,1,0,10,40,2,4,8,40,2,4,5,40,3,6.6,11,66,0.4,0.6,1,1,0,11,110,2,2.8,3,28,odm
3,4,1,1.333333333,2,4,1,1.333333333,2,4,2,2.666666667,4,8,0.444444444,1,1,2,1,4,12,2,3,4,12,3,3,3,12,4,5,6,20,0.75,0.833333333,1,1,0,3,12,2,2,2,8,pdm
16,31,1,1.9375,4,31,1,1.9375,4,31,3,3.875,8,62,0.12109375,0.258064516,1,1,0,17,95,2,5.588235294,12,95,2,5.588235294,7,95,3,9.764705882,17,166,0.328719723,0.589473684,1,1,0,16,272,2,2.823529412,3,48,sdm
4,7,1,1.75,2,7,1,1.75,2,7,3,3.5,4,14,0.4375,0.857142857,1,1,0,7,25,3,3.571428571,4,25,3,3.571428571,4,25,5,6.142857143,7,43,0.510204082,0.76,1,1,0,4,28,2,2,2,14,tl
18,36,1,2,4,36,1,2,4,36,3,4,8,72,0.111111111,0.222222222,1,1,0,20,120,2,6,12,120,2,6,7,120,3,10.6,17,212,0.3,0.566666667,1,1,0,18,360,2,2.8,3,56,odm
3,4,1,1.333333333,2,4,1,1.333333333,2,4,2,2.666666667,4,8,0.444444444,1,1,2,1,4,12,2,3,4,12,3,3,3,12,4,5,6,20,0.75,0.833333333,1,1,0,3,12,2,2,2,8,pdm
28,30,0,1.071428571,2,30,0,1.071428571,2,30,1,2.142857143,4,60,0.038265306,0.733333333,13,2,1,26,62,1,2.384615385,4,62,1,2.384615385,3,62,1,3.692307692,5,96,0.091715976,0.967741935,13,1,0,28,728,2,2.153846154,3,56,sdm
22,22,0,1,2,22,0,1,2,22,1,2,3,44,0.045454545,0,4,12,6,22,58,1,2.636363636,3,58,2,2.636363636,4,58,3,4.272727273,6,94,0.119834711,0.689655172,4,6,5,22,484,2,2,2,44,tl
10,27,2,2.7,4,27,0,2.7,4,27,3,4.8,7,48,0.27,0.592592593,1,1,0,16,90,2,5.625,11,90,2,5.625,8,90,4,9.6875,17,155,0.3515625,0.633333333,1,1,0,10,160,2,2.6875,3,43,pdm
3,5,1,1.666666667,3,5,1,1.666666667,2,5,2,3.333333333,5,10,0.555555556,0.8,1,2,1,5,18,2,3.6,5,18,3,3.6,4,18,4,6.2,8,31,0.72,0.833333333,1,1,0,3,15,2,2,2,10,pdm
16,13,0,0.8125,2,13,0,0.8125,2,13,1,1.625,3,26,0.05078125,0.307692308,5,2,1,12,24,1,2,3,24,1,2,3,24,2,2.916666667,5,35,0.166666667,0.791666667,5,1,0,16,192,2,2.083333333,3,25,odm
17,20,0,1.176470588,2,20,0,1.176470588,2,20,1,2.352941176,4,40,0.069204152,0,1,8,5,10,28,2,2.8,4,28,2,2.8,3,28,3,4.1,5,41,0.28,0.535714286,1,1,0,17,170,3,3,3,30,sdm
5,9,1,1.8,4,9,1,1.8,3,9,2,3.6,7,18,0.36,0.888888889,1,4,2,7,33,2,4.714285714,9,33,4,4.714285714,5,33,5,8.285714286,12,58,0.673469388,0.727272727,1,1,0,5,35,2,2.285714286,3,16,sdm
5,13,1,2.6,5,13,0,2.6,5,13,3,5,8,25,0.52,0.230769231,1,1,0,5,29,2,5.8,8,29,3,5.8,9,29,4,9.8,14,49,1.16,0.793103448,1,1,0,5,25,2,3.2,4,16,pdm
10,17,0,1.7,4,17,0,1.7,4,17,2,3.4,5,34,0.17,0.117647059,1,1,0,9,30,2,3.333333333,5,30,1,3.333333333,7,30,2,5.333333333,10,48,0.37037037,0.8,1,3,2,10,90,2,2.666666667,4,24,pdm
30,44,0,1.466666667,7,44,0,1.466666667,5,44,1,2.933333333,11,88,0.048888889,0.136363636,1,18,15,25,99,1,3.96,10,99,1,3.96,10,99,2,6.64,18,166,0.1584,0.747474747,1,7,5,30,750,2,2.52,4,63,pdm
5,7,1,1.4,3,7,1,1.4,2,7,2,2.8,5,14,0.28,0.857142857,2,2,1,7,22,2,3.142857143,5,22,2,3.142857143,4,22,3,5.285714286,8,37,0.448979592,0.863636364,2,1,0,5,35,2,2,2,14,tl
6,8,0,1.333333333,3,8,0,1.333333333,2,8,1,2.666666667,5,16,0.222222222,0.5,2,2,1,8,25,1,3.125,5,25,2,3.125,4,25,3,5.25,8,42,0.390625,0.8,2,1,0,6,48,2,2,2,16,tl
4,8,1,2,5,8,1,2,3,8,2,4,8,16,0.5,0.75,1,3,1,8,38,2,4.75,8,38,4,4.75,5,38,5,8.5,12,68,0.59375,0.736842105,1,1,0,4,32,2,2,2,16,pdm
16,40,0,2.5,8,40,0,2.5,7,40,1,5,9,80,0.15625,0.15,1,4,3,15,93,1,6.2,11,93,3,6.2,10,93,3,10.73333333,19,161,0.413333333,0.741935484,1,1,0,16,240,2,3.2,4,48,odm
2,3,1,1.5,2,3,1,1.5,2,3,3,3,3,6,0.75,0.666666667,1,1,0,3,9,3,3,3,9,3,3,3,9,5,5,5,15,1,1,1,1,0,2,6,2,2,2,6,pdm
23,42,0,1.826086957,6,42,0,1.826086957,4,42,1,3.652173913,10,84,0.079395085,0.047619048,1,7,4,25,134,2,5.36,14,134,2,5.36,9,134,3,9.32,20,233,0.2144,0.559701493,1,3,2,23,575,2,2.68,3,67,pdm
97,260,0,2.680412371,14,260,0,2.680412371,8,260,1,5.360824742,14,520,0.027633117,0.284615385,3,12,8,150,1263,1,8.42,21,1263,2,8.42,19,1263,2,15.42666667,38,2314,0.056133333,0.647664291,3,6,5,97,14550,2,2.733333333,4,410,sdm
14,25,0,1.785714286,6,25,0,1.785714286,6,25,1,3.571428571,7,50,0.12755102,0,1,3,2,16,63,2,3.9375,12,63,2,3.9375,6,63,3,6.8125,13,109,0.24609375,0.587301587,1,1,0,14,224,2,2.5625,4,41,sdm
38,65,0,1.710526316,8,65,0,1.710526316,7,65,1,3.421052632,12,130,0.04501385,0.030769231,1,19,17,48,241,1,5.020833333,11,241,2,5.020833333,14,241,2,8.916666667,21,428,0.104600694,0.68879668,1,3,2,38,1824,2,2.25,4,108,pdm
11,17,1,1.545454545,3,17,0,1.545454545,5,17,1,3.090909091,6,34,0.140495868,0.235294118,1,3,2,11,49,2,4.454545455,8,49,1,4.454545455,7,49,2,7.727272727,13,85,0.404958678,0.795918367,1,2,1,11,121,2,2.545454545,3,28,pdm
10,15,0,1.5,4,15,0,1.5,5,15,1,3,8,30,0.15,0.4,1,5,3,12,54,1,4.5,8,54,2,4.5,8,54,3,7.833333333,13,94,0.375,0.703703704,1,1,0,10,120,2,2.25,3,27,pdm
8,6,0,0.75,2,6,0,0.75,2,6,1,1.5,3,12,0.09375,0,2,5,3,5,11,1,2.2,5,11,1,2.2,3,11,1,3.2,6,16,0.44,0.727272727,2,2,1,8,40,2,2.2,3,11,sdm
35,32,0,0.914285714,2,32,0,0.914285714,2,32,1,1.828571429,4,64,0.026122449,0.25,9,2,1,32,83,1,2.59375,4,83,1,2.59375,4,83,2,4.1875,7,134,0.081054688,0.722891566,9,1,0,35,1120,2,2,2,64,tl
75,108,0,1.44,6,108,0,1.44,5,108,1,2.88,9,216,0.0192,0.518518519,15,1,0,94,438,1,4.659574468,17,438,1,4.659574468,10,438,1,8.244680851,24,775,0.049569941,0.673515982,15,0,0,75,7050,2,2.14893617,3,202,odm
6,5,0,0.833333333,1,5,0,0.833333333,2,5,1,1.666666667,3,10,0.138888889,0,1,5,3,5,12,2,2.4,3,12,1,2.4,4,12,2,3.8,5,19,0.48,0.75,1,3,2,6,30,2,2,2,10,pdm
12,11,0,0.916666667,3,11,0,0.916666667,2,11,1,1.833333333,4,22,0.076388889,0,3,5,2,11,26,1,2.363636364,4,26,1,2.363636364,4,26,2,3.727272727,6,41,0.214876033,0.653846154,3,3,2,12,132,2,2,2,22,pdm
13,18,0,1.384615385,5,18,0,1.384615385,5,18,1,2.769230769,6,36,0.106508876,0.111111111,4,3,1,18,70,1,3.888888889,6,70,1,3.888888889,6,70,2,6.777777778,10,122,0.216049383,0.742857143,4,1,0,13,234,2,2,2,36,pdm
4,3,0,0.75,1,3,0,0.75,3,3,1,1.5,3,6,0.1875,0,1,3,1,3,9,3,3,3,9,3,3,3,9,5,5,5,15,1,1,1,1,0,4,12,2,2,2,6,sdm
25,49,0,1.96,9,49,0,1.96,7,49,1,3.92,13,98,0.0784,0.12244898,1,6,5,24,112,1,4.666666667,10,112,1,4.666666667,10,112,2,7.916666667,17,190,0.194444444,0.803571429,1,9,8,25,600,2,2.75,4,66,odm
6,5,0,0.833333333,2,5,0,0.833333333,2,5,1,1.666666667,3,10,0.138888889,0,2,2,1,5,10,1,2,3,10,1,2,3,10,2,3,4,15,0.4,0.7,2,1,0,6,30,2,2,2,10,pdm
10,13,0,1.3,2,13,0,1.3,4,13,1,2.6,6,26,0.13,0.153846154,1,6,5,8,41,1,5.125,9,41,2,5.125,8,41,2,8.875,15,71,0.640625,0.707317073,1,2,1,10,80,2,2.625,3,21,odm
18,16,0,0.888888889,2,16,0,0.888888889,3,16,1,1.777777778,4,32,0.049382716,0,4,4,2,16,36,1,2.25,4,36,1,2.25,5,36,2,3.5,8,56,0.140625,0.666666667,4,3,2,18,288,2,2,2,32,tl
11,23,0,2.090909091,5,23,0,2.090909091,6,23,1,4.181818182,6,46,0.190082645,0,1,2,1,7,27,2,3.857142857,5,27,1,3.857142857,5,27,2,6.142857143,8,43,0.551020408,0.851851852,1,2,1,11,77,2,3.571428571,5,25,pdm
16,13,0,0.8125,2,13,0,0.8125,2,13,1,1.625,4,26,0.05078125,0,4,5,3,13,28,1,2.153846154,4,28,1,2.153846154,4,28,2,3.307692308,6,43,0.165680473,0.607142857,4,2,1,16,208,2,2,2,26,tl
6,7,0,1.166666667,3,7,0,1.166666667,4,7,1,2.333333333,5,14,0.194444444,0,1,3,1,3,8,1,2.666666667,4,8,2,2.666666667,3,8,3,4,5,12,0.888888889,0.75,1,1,0,6,18,2,3,4,9,sdm
10,8,0,0.8,2,8,0,0.8,1,8,1,1.6,2,16,0.08,0,3,1,0,7,13,1,1.857142857,3,13,1,1.857142857,2,13,1,2.571428571,3,18,0.265306122,0.615384615,3,1,0,10,70,2,2.142857143,3,15,odm
18,26,0,1.444444444,2,26,0,1.444444444,3,26,1,2.888888889,5,52,0.080246914,0.153846154,1,9,7,14,46,1,3.285714286,6,46,1,3.285714286,6,46,2,5.285714286,10,74,0.234693878,0.608695652,1,5,3,18,252,2,2.714285714,4,38,odm
10,10,0,1,2,10,0,1,2,10,1,2,4,20,0.1,0.2,2,5,2,7,18,1,2.571428571,4,18,1,2.571428571,4,18,2,3.857142857,6,27,0.367346939,0.722222222,2,2,1,10,70,2,2.428571429,3,17,odm
38,50,0,1.315789474,3,50,0,1.315789474,3,50,1,2.631578947,6,100,0.034626039,0.24,4,2,1,48,192,1,4,10,192,2,4,9,192,3,6.958333333,17,334,0.083333333,0.739583333,4,1,0,38,1824,2,2.041666667,3,98,pdm
46,59,0,1.282608696,3,59,0,1.282608696,3,59,1,2.565217391,6,118,0.027882798,0.203389831,6,2,1,57,218,1,3.824561404,10,218,2,3.824561404,9,218,3,6.614035088,17,377,0.067097568,0.73853211,6,1,0,46,2622,2,2.035087719,3,116,pdm
11,13,0,1.181818182,2,13,0,1.181818182,3,13,1,2.363636364,5,26,0.107438017,0.153846154,2,4,3,8,26,1,3.25,7,26,1,3.25,5,26,1,5.25,9,42,0.40625,0.692307692,2,2,1,11,88,2,2.625,4,21,ldm
3,2,0,0.666666667,1,2,0,0.666666667,1,2,1,1.333333333,2,4,0.222222222,0,1,2,1,2,3,1,1.5,2,3,1,1.5,2,3,2,2,2,4,0.75,0.666666667,1,1,0,3,6,2,2,2,4,pdm
9,7,0,0.777777778,2,7,0,0.777777778,1,7,1,1.555555556,3,14,0.086419753,0,2,5,3,5,10,1,2,3,10,1,2,3,10,2,2.6,3,13,0.4,0.7,2,2,1,9,45,2,2.4,3,12,pdm
38,50,0,1.315789474,3,50,0,1.315789474,3,50,1,2.631578947,6,100,0.034626039,0.24,4,2,1,48,192,1,4,10,192,2,4,9,192,3,6.958333333,17,334,0.083333333,0.739583333,4,1,0,38,1824,2,2.041666667,3,98,pdm
9,6,0,0.666666667,1,6,0,0.666666667,1,6,1,1.333333333,2,12,0.074074074,0,3,2,1,6,9,1,1.5,2,9,1,1.5,2,9,2,2,2,12,0.25,0.666666667,3,1,0,9,54,2,2,2,12,odm
10,11,0,1.1,3,11,0,1.1,2,11,1,2.2,4,22,0.11,0,1,5,3,6,16,2,2.666666667,5,16,2,2.666666667,3,16,3,3.833333333,6,23,0.444444444,0.5625,1,2,1,10,60,2,2.833333333,3,17,odm
21,22,0,1.047619048,3,22,0,1.047619048,3,22,1,2.095238095,5,44,0.049886621,0.090909091,2,6,4,15,52,2,3.466666667,5,52,1,3.466666667,6,52,2,5.533333333,9,83,0.231111111,0.75,2,3,2,21,315,2,2.466666667,3,37,pdm
10,11,0,1.1,3,11,0,1.1,2,11,1,2.2,4,22,0.11,0,1,5,3,6,16,2,2.666666667,5,16,2,2.666666667,3,16,3,3.833333333,6,23,0.444444444,0.5625,1,2,1,10,60,2,2.833333333,3,17,odm
46,59,0,1.282608696,3,59,0,1.282608696,3,59,1,2.565217391,6,118,0.027882798,0.203389831,6,2,1,57,218,1,3.824561404,10,218,2,3.824561404,9,218,3,6.614035088,17,377,0.067097568,0.73853211,6,1,0,46,2622,2,2.035087719,3,116,pdm
8,8,1,1,1,8,1,1,1,8,2,2,2,16,0.125,1,4,1,0,8,16,2,2,2,16,2,2,2,16,3,3,3,24,0.25,1,4,1,0,8,64,2,2,2,16,tl
17,34,0,2,4,34,0,2,4,34,2,4,7,68,0.117647059,0,1,1,0,17,81,2,4.764705882,7,81,2,4.764705882,8,81,3,8,13,136,0.280276817,0.716049383,1,1,0,17,289,3,3,3,51,pdm
17,48,0,2.823529412,6,48,0,2.823529412,6,48,4,5.647058824,8,96,0.166089965,0,1,1,0,24,184,4,7.666666667,10,184,2,7.666666667,11,184,5,13.66666667,19,328,0.319444444,0.77173913,1,1,0,17,408,3,3,3,72,pdm
43,36,0,0.837209302,2,36,0,0.837209302,3,36,1,1.674418605,4,72,0.019469984,0,11,2,1,36,81,1,2.25,4,81,1,2.25,5,81,2,3.5,8,126,0.0625,0.691358025,11,1,0,43,1548,2,2,2,72,pdm
17,43,0,2.529411765,7,43,0,2.529411765,6,43,1,4.882352941,8,83,0.148788927,0.534883721,1,6,5,23,145,2,6.304347826,13,145,2,6.304347826,11,145,5,11.08695652,20,255,0.274102079,0.737931034,1,2,1,17,391,2,2.739130435,5,63,pdm
4,6,0,1.5,2,6,0,1.5,3,6,2,3,4,12,0.375,0.333333333,1,1,0,3,9,2,3,5,9,2,3,4,9,3,4.666666667,7,14,1,0.888888889,1,2,1,4,12,3,3,3,9,odm
51,46,0,0.901960784,2,46,0,0.901960784,2,46,1,1.803921569,4,92,0.017685506,0.260869565,13,2,1,46,119,1,2.586956522,4,119,1,2.586956522,4,119,2,4.173913043,7,192,0.056238185,0.722689076,13,1,0,51,2346,2,2,2,92,tl
51,46,0,0.901960784,2,46,0,0.901960784,2,46,1,1.803921569,4,92,0.017685506,0.260869565,13,2,1,46,119,1,2.586956522,4,119,1,2.586956522,4,119,2,4.173913043,7,192,0.056238185,0.722689076,13,1,0,51,2346,2,2,2,92,tl
51,46,0,0.901960784,2,46,0,0.901960784,2,46,1,1.803921569,4,92,0.017685506,0.260869565,13,2,1,46,119,1,2.586956522,4,119,1,2.586956522,4,119,2,4.173913043,7,192,0.056238185,0.722689076,13,1,0,51,2346,2,2,2,92,tl
4,6,0,1.5,4,6,0,1.5,2,6,1,3,6,12,0.375,0.333333333,1,3,1,6,22,2,3.666666667,6,22,2,3.666666667,4,22,5,6.333333333,9,38,0.611111111,0.727272727,1,1,0,4,24,2,2,2,12,pdm
21,14,0,0.666666667,1,14,0,0.666666667,1,14,1,1.333333333,2,28,0.031746032,0,7,2,1,14,21,1,1.5,2,21,1,1.5,2,21,2,2,2,28,0.107142857,0.666666667,7,1,0,21,294,2,2,2,28,tl
9,10,0,1.111111111,3,10,0,1.111111111,2,10,1,2.222222222,5,20,0.12345679,0.4,3,2,1,10,28,1,2.8,5,28,1,2.8,4,28,2,4.6,8,46,0.28,0.785714286,3,1,0,9,90,2,2,2,20,tl
11,15,0,1.363636364,3,15,0,1.363636364,3,15,1,2.727272727,6,30,0.123966942,0.266666667,1,8,3,13,56,1,4.307692308,12,56,3,4.307692308,9,56,4,7.538461538,19,98,0.331360947,0.642857143,1,1,0,11,143,2,2.153846154,3,28,odm
26,55,0,2.115384615,12,55,0,2.115384615,8,55,1,4,16,104,0.081360947,0.181818182,1,14,13,28,224,1,8,16,224,1,8,16,224,2,14.25,29,399,0.285714286,0.700892857,1,2,1,26,728,2,2.75,4,77,pdm
33,79,0,2.393939394,12,79,0,2.393939394,10,79,1,4.606060606,20,152,0.072543618,0.126582278,1,17,16,42,437,1,10.4047619,21,437,2,10.4047619,26,437,5,19.07142857,44,801,0.247732426,0.711670481,1,1,0,33,1386,2,2.738095238,4,115,odm
3,2,0,0.666666667,1,2,0,0.666666667,1,2,1,1.333333333,2,4,0.222222222,0,1,2,1,2,3,1,1.5,2,3,1,1.5,2,3,2,2,2,4,0.75,0.666666667,1,1,0,3,6,2,2,2,4,pdm
36,32,0,0.888888889,3,32,0,0.888888889,5,32,1,1.777777778,6,64,0.024691358,0,7,20,10,32,94,1,2.9375,6,94,1,2.9375,7,94,1,4.875,12,156,0.091796875,0.744680851,7,10,9,36,1152,2,2,2,64,pdm
23,23,0,1,3,23,0,1,3,23,1,2,6,46,0.043478261,0.347826087,5,8,5,23,82,1,3.565217391,6,82,1,3.565217391,6,82,2,6.130434783,11,141,0.155009452,0.695121951,5,2,1,23,529,2,2,2,46,tl
17,25,0,1.470588235,4,25,0,1.470588235,6,25,1,2.941176471,7,50,0.08650519,0.08,1,9,6,17,84,1,4.941176471,11,84,1,4.941176471,10,84,3,8.647058824,19,147,0.290657439,0.702380952,1,1,0,17,289,2,2.411764706,4,41,pdm
61,229,0,3.754098361,14,229,0,3.754098361,10,229,1,7.508196721,24,458,0.061542596,0.663755459,1,15,8,138,1652,1,11.97101449,40,1652,2,11.97101449,20,1652,3,22.65217391,58,3126,0.086746482,0.573849879,1,1,0,61,8418,2,2.65942029,3,367,pdm
26,23,0,0.884615385,2,23,0,0.884615385,3,23,1,1.769230769,4,46,0.034023669,0,4,9,5,22,57,1,2.590909091,7,57,1,2.590909091,6,57,2,4.136363636,11,91,0.117768595,0.684210526,5,1,0,26,572,2,2.045454545,3,45,odm
26,19,0,0.730769231,2,19,0,0.730769231,2,19,1,1.461538462,3,38,0.028106509,0,9,2,1,19,33,1,1.736842105,3,33,1,1.736842105,3,33,1,2.473684211,4,47,0.091412742,0.696969697,9,1,0,26,494,2,2,2,38,tl
11,11,0,1,2,11,0,1,2,11,1,2,3,22,0.090909091,0,2,2,1,8,17,1,2.125,4,17,1,2.125,3,17,1,3.125,5,25,0.265625,0.529411765,2,1,0,11,88,2,2.375,3,19,sdm
6,7,0,1.166666667,4,7,0,1.166666667,2,7,1,2.333333333,6,14,0.194444444,0.285714286,2,3,1,7,23,1,3.285714286,6,23,1,3.285714286,4,23,1,5.571428571,9,39,0.469387755,0.739130435,2,1,0,6,42,2,2,2,14,pdm
4,4,0,1,3,4,0,1,2,4,1,2,4,8,0.25,0,1,3,1,4,9,1,2.25,4,9,1,2.25,3,9,2,3.5,4,14,0.5625,0.666666667,1,2,1,4,16,2,2,2,8,odm
4,5,0,1.25,3,5,0,1.25,2,5,1,2.5,5,10,0.3125,0.4,1,3,1,5,17,1,3.4,5,17,2,3.4,4,17,3,5.8,8,29,0.68,0.764705882,1,1,0,4,20,2,2,2,10,pdm
10,10,0,1,2,10,0,1,2,10,1,2,3,20,0.1,0,1,7,6,10,24,1,2.4,3,24,1,2.4,3,24,2,3.8,5,38,0.24,0.583333333,1,3,2,10,100,2,2,2,20,tl
4,6,0,1.5,4,6,0,1.5,2,6,1,3,6,12,0.375,0.333333333,1,3,1,6,22,2,3.666666667,6,22,2,3.666666667,4,22,5,6.333333333,9,38,0.611111111,0.727272727,1,1,0,4,24,2,2,2,12,pdm
2,1,0,0.5,1,1,0,0.5,1,1,1,1,1,2,0.25,0,1,1,0,1,1,1,1,1,1,1,1,1,1,1,1,1,1,1,1,1,0,0,2,2,2,2,2,2,frm
8,10,0,1.25,2,10,0,1.25,3,10,1,2.5,5,20,0.15625,0.4,2,4,2,10,38,1,3.8,5,38,2,3.8,5,38,4,6.6,9,66,0.38,0.789473684,2,1,0,8,80,2,2,2,20,tl
5,5,0,1,2,5,0,1,2,5,1,2,3,10,0.2,0,1,3,2,5,11,1,2.2,3,11,1,2.2,3,11,2,3.4,5,17,0.44,0.636363636,1,3,2,5,25,2,2,2,10,tl
14,29,0,2.071428571,7,29,0,2.071428571,4,29,2,4,8,56,0.147959184,0.068965517,1,1,0,17,72,2,4.235294118,9,72,2,4.235294118,9,72,4,7.058823529,15,120,0.249134948,0.611111111,1,1,0,14,238,2,2.588235294,4,44,pdm
14,29,0,2.071428571,7,29,0,2.071428571,4,29,2,4,8,56,0.147959184,0.068965517,1,1,0,17,72,2,4.235294118,9,72,2,4.235294118,9,72,4,7.058823529,15,120,0.249134948,0.611111111,1,1,0,14,238,2,2.588235294,4,44,pdm
4,2,0,0.5,1,2,0,0.5,1,2,1,1,1,4,0.125,0,2,1,0,2,2,1,1,1,2,1,1,1,2,1,1,1,2,0.5,1,2,0,0,4,8,2,2,2,4,nrm
9,7,0,0.777777778,2,7,0,0.777777778,2,7,1,1.555555556,3,14,0.086419753,0,3,2,1,7,13,1,1.857142857,3,13,1,1.857142857,3,13,2,2.714285714,4,19,0.265306122,0.692307692,3,1,0,9,63,2,2,2,14,pdm
9,11,1,1.222222222,2,11,0,1.222222222,2,11,1,2.444444444,4,22,0.135802469,0,1,3,2,11,31,2,2.818181818,4,31,1,2.818181818,4,31,2,4.636363636,6,51,0.256198347,0.548387097,1,2,1,9,99,2,2,2,22,tl
6,3,0,0.5,1,3,0,0.5,1,3,1,1,1,6,0.083333333,0,3,1,0,3,3,1,1,1,3,1,1,1,3,1,1,1,3,0.333333333,1,3,0,0,6,18,2,2,2,6,odm
24,21,0,0.875,4,21,0,0.875,3,21,1,1.75,5,42,0.036458333,0,6,3,1,20,47,1,2.35,5,47,1,2.35,5,47,1,3.65,8,73,0.1175,0.659574468,7,2,1,24,480,2,2.05,3,41,odm
2,1,0,0.5,1,1,0,0.5,1,1,1,1,1,2,0.25,0,1,1,0,1,1,1,1,1,1,1,1,1,1,1,1,1,1,1,1,1,0,0,2,2,2,2,2,2,frm
37,63,0,1.702702703,6,63,0,1.702702703,7,63,1,3.405405405,13,126,0.046018992,0.380952381,4,8,4,45,333,1,7.4,18,333,1,7.4,15,333,2,13.46666667,29,606,0.164444444,0.672672673,4,1,0,37,1665,2,2.4,3,108,pdm
37,63,0,1.702702703,6,63,0,1.702702703,7,63,1,3.405405405,13,126,0.046018992,0.380952381,4,8,4,45,333,1,7.4,18,333,1,7.4,15,333,2,13.46666667,29,606,0.164444444,0.672672673,4,1,0,37,1665,2,2.4,3,108,pdm
23,49,0,2.130434783,6,49,0,2.130434783,6,49,1,4.260869565,9,98,0.092627599,0.081632653,1,5,3,20,104,1,5.2,10,104,2,5.2,9,104,4,8.85,15,177,0.26,0.721153846,1,1,0,23,460,2,3,4,60,pdm
50,54,0,1.08,3,54,0,1.08,3,54,1,2.16,6,108,0.0216,0.222222222,12,5,2,54,186,1,3.444444444,6,186,1,3.444444444,6,186,1,5.888888889,11,318,0.063786008,0.677419355,12,1,0,50,2700,2,2,2,108,tl
13,11,0,0.846153846,2,11,0,0.846153846,2,11,1,1.692307692,4,22,0.065088757,0,4,2,1,11,23,1,2.090909091,4,23,1,2.090909091,4,23,2,3.181818182,5,35,0.190082645,0.652173913,4,1,0,13,143,2,2,2,22,pdm
33,42,0,1.272727273,3,42,0,1.272727273,4,42,1,2.545454545,7,84,0.038567493,0.476190476,6,7,3,34,111,2,3.264705882,9,111,2,3.264705882,6,111,3,5.382352941,13,183,0.096020761,0.711711712,6,3,2,33,1122,2,2.235294118,3,76,sdm
37,72,0,1.945945946,6,72,0,1.945945946,7,72,1,3.810810811,13,141,0.052593134,0.458333333,1,17,10,51,382,1,7.490196078,18,382,2,7.490196078,15,382,3,13.62745098,29,695,0.14686659,0.672774869,1,4,3,37,1887,2,2.411764706,3,123,pdm
9,6,0,0.666666667,1,6,0,0.666666667,1,6,1,1.333333333,2,12,0.074074074,0,3,2,1,6,9,1,1.5,2,9,1,1.5,2,9,2,2,2,12,0.25,0.666666667,3,1,0,9,54,2,2,2,12,pdm
35,42,0,1.2,3,42,0,1.2,4,42,1,2.4,6,84,0.034285714,0.476190476,7,1,0,33,111,1,3.363636364,9,111,1,3.363636364,7,111,2,5.545454545,14,183,0.101928375,0.783783784,7,1,0,35,1155,2,2.272727273,3,75,pdm
4,3,0,0.75,2,3,0,0.75,1,3,1,1.5,3,6,0.1875,0,1,3,1,2,4,2,2,2,4,1,2,3,4,2,2.5,3,5,1,0.75,1,1,0,4,8,2,2.5,3,5,odm
64,235,1,3.671875,14,235,0,3.671875,8,235,2,7.34375,22,470,0.057373047,0.706382979,1,7,6,120,1254,2,10.45,37,1254,4,10.45,15,1254,5,19.55833333,50,2347,0.087083333,0.535087719,1,1,0,64,7680,2,2.958333333,3,355,odm
75,298,1,3.973333333,16,298,0,3.973333333,9,298,2,7.946666667,25,596,0.052977778,0.704697987,1,6,5,152,1848,2,12.15789474,42,1848,4,12.15789474,17,1848,6,22.97368421,57,3492,0.07998615,0.516233766,1,1,0,75,11400,2,2.960526316,3,450,pdm
6,5,0,0.833333333,2,5,0,0.833333333,2,5,1,1.666666667,3,10,0.138888889,0,2,2,1,5,10,1,2,3,10,1,2,3,10,2,3,4,15,0.4,0.7,2,1,0,6,30,2,2,2,10,pdm
6,4,0,0.666666667,1,4,0,0.666666667,1,4,1,1.333333333,2,8,0.111111111,0,2,2,1,4,6,1,1.5,2,6,1,1.5,2,6,2,2,2,8,0.375,0.666666667,2,1,0,6,24,2,2,2,8,pdm
7,5,0,0.714285714,1,5,0,0.714285714,1,5,1,1.428571429,2,10,0.102040816,0,2,2,1,5,8,1,1.6,2,8,1,1.6,2,8,2,2.2,3,11,0.32,0.625,2,1,0,7,35,2,2,2,10,odm
7,6,0,0.857142857,2,6,0,0.857142857,2,6,1,1.714285714,3,12,0.12244898,0,2,2,1,6,12,1,2,3,12,1,2,3,12,2,3,4,18,0.333333333,0.666666667,2,1,0,7,42,2,2,2,12,pdm
7,6,0,0.857142857,2,6,0,0.857142857,2,6,1,1.714285714,3,12,0.12244898,0,2,2,1,6,12,1,2,3,12,1,2,3,12,2,3,4,18,0.333333333,0.666666667,2,1,0,7,42,2,2,2,12,pdm
7,6,0,0.857142857,2,6,0,0.857142857,2,6,1,1.714285714,3,12,0.12244898,0,2,2,1,6,12,1,2,3,12,1,2,3,12,2,3,4,18,0.333333333,0.666666667,2,1,0,7,42,2,2,2,12,pdm
55,47,0,0.854545455,3,47,0,0.854545455,4,47,1,1.709090909,7,94,0.01553719,0.255319149,14,15,6,41,104,1,2.536585366,10,104,1,2.536585366,8,104,2,4,16,164,0.061867936,0.673076923,14,1,0,55,2255,2,2.146341463,3,88,pdm
47,56,0,1.191489362,3,56,0,1.191489362,9,56,1,2.382978723,9,112,0.025350837,0.142857143,4,28,16,43,207,1,4.813953488,11,207,1,4.813953488,12,207,2,8.372093023,21,360,0.111952407,0.811594203,4,11,9,47,2021,2,2.302325581,3,99,pdm
55,55,0,1,3,55,0,1,8,55,1,2,9,110,0.018181818,0,6,22,10,45,223,1,4.955555556,12,223,1,4.955555556,12,223,1,8.688888889,22,391,0.110123457,0.874439462,6,10,5,55,2475,2,2.222222222,3,100,pdm
24,47,0,1.958333333,5,47,0,1.958333333,5,47,1,3.916666667,6,94,0.081597222,0.085106383,1,2,1,29,123,1,4.24137931,8,123,2,4.24137931,8,123,3,7.206896552,14,209,0.146254459,0.658536585,1,1,0,24,696,2,2.620689655,4,76,sdm
38,52,0,1.368421053,4,52,0,1.368421053,4,52,1,2.736842105,7,104,0.03601108,0.230769231,2,15,10,30,131,1,4.366666667,9,131,2,4.366666667,9,131,2,7.233333333,14,217,0.145555556,0.709923664,2,4,3,38,1140,2,2.733333333,4,82,odm
7,9,0,1.285714286,4,9,0,1.285714286,2,9,1,2.571428571,6,18,0.183673469,0.222222222,2,2,1,9,29,2,3.222222222,6,29,1,3.222222222,4,29,3,5.444444444,9,49,0.358024691,0.724137931,2,1,0,7,63,2,2,2,18,tl
7,8,0,1.142857143,3,8,0,1.142857143,4,8,1,2.285714286,4,16,0.163265306,0,1,2,1,7,17,2,2.428571429,3,17,1,2.428571429,4,17,2,3.857142857,6,27,0.346938776,0.882352941,2,3,2,7,49,2,2.142857143,3,15,pdm
13,10,0,0.769230769,2,10,0,0.769230769,2,10,1,1.538461538,3,20,0.059171598,0,4,2,1,10,18,1,1.8,3,18,1,1.8,3,18,2,2.6,4,26,0.18,0.666666667,4,1,0,13,130,2,2,2,20,tl
24,34,0,1.416666667,3,34,0,1.416666667,4,34,1,2.833333333,7,68,0.059027778,0.352941176,2,6,3,27,117,1,4.333333333,12,117,2,4.333333333,8,117,3,7.518518519,18,203,0.160493827,0.658119658,2,1,0,24,648,2,2.259259259,3,61,pdm
18,17,0,0.944444444,2,17,0,0.944444444,3,17,1,1.888888889,5,34,0.052469136,0.352941176,4,2,1,17,51,1,3,5,51,1,3,5,51,2,5,9,85,0.176470588,0.725490196,4,1,0,18,306,2,2,2,34,tl
24,27,0,1.125,2,27,0,1.125,4,27,1,2.25,5,54,0.046875,0.296296296,3,2,1,26,102,1,3.923076923,10,102,1,3.923076923,10,102,2,6.807692308,18,177,0.150887574,0.754901961,3,1,0,24,624,2,2.038461538,3,53,pdm
24,52,0,2.166666667,9,52,0,2.166666667,9,52,1,4.333333333,15,104,0.090277778,0.153846154,1,4,3,19,122,1,6.421052632,12,122,2,6.421052632,12,122,2,11.31578947,21,215,0.337950139,0.860655738,1,2,1,24,456,2,3.210526316,4,61,pdm
26,46,0,1.769230769,6,46,0,1.769230769,5,46,1,3.384615385,9,88,0.068047337,0.086956522,1,5,2,26,142,2,5.461538462,10,142,1,5.461538462,12,142,2,9.307692308,17,242,0.210059172,0.802816901,1,8,7,26,676,2,2.615384615,4,68,pdm
8,10,0,1.25,3,10,0,1.25,3,10,1,2.5,5,20,0.15625,0.4,2,3,1,10,36,1,3.6,5,36,2,3.6,4,36,3,6.2,8,62,0.36,0.777777778,2,1,0,8,80,2,2,2,20,tl
118,270,0,2.288135593,18,270,0,2.288135593,19,270,1,4.576271186,23,540,0.01939098,0.088888889,5,13,10,102,1001,1,9.81372549,17,1001,1,9.81372549,19,1001,1,17.98039216,34,1834,0.096212995,0.861138861,5,9,7,118,12036,2,3.166666667,4,323,odm
24,52,0,2.166666667,9,52,0,2.166666667,9,52,1,4.333333333,15,104,0.090277778,0.153846154,1,4,3,19,122,1,6.421052632,12,122,2,6.421052632,12,122,2,11.31578947,21,215,0.337950139,0.860655738,1,2,1,24,456,2,3.210526316,4,61,pdm
27,55,0,2.037037037,9,55,0,2.037037037,9,55,1,4.074074074,15,110,0.075445816,0.145454545,1,7,4,21,128,1,6.095238095,12,128,1,6.095238095,12,128,2,10.71428571,21,225,0.290249433,0.8515625,1,3,2,27,567,2,3.142857143,4,66,odm
5,4,0,0.8,1,4,0,0.8,1,4,1,1.6,2,8,0.16,0,1,4,3,4,7,1,1.75,2,7,1,1.75,2,7,2,2.5,3,10,0.4375,0.571428571,1,3,2,5,20,2,2,2,8,tl
21,17,0,0.80952381,3,17,0,0.80952381,3,17,1,1.619047619,4,34,0.038548753,0,7,2,1,17,35,1,2.058823529,4,35,1,2.058823529,4,35,2,3.117647059,6,53,0.121107266,0.714285714,7,1,0,21,357,2,2,2,34,tl
24,20,0,0.833333333,3,20,0,0.833333333,3,20,1,1.666666667,4,40,0.034722222,0,8,2,1,20,44,1,2.2,4,44,1,2.2,4,44,2,3.4,6,68,0.11,0.727272727,8,1,0,24,480,2,2,2,40,tl
18,18,0,1,3,18,0,1,3,18,1,2,4,36,0.055555556,0,6,2,1,18,48,1,2.666666667,4,48,1,2.666666667,4,48,2,4.333333333,6,78,0.148148148,0.75,6,1,0,18,324,2,2,2,36,tl
32,45,0,1.40625,4,45,0,1.40625,7,45,1,2.8125,9,90,0.043945313,0.266666667,7,6,5,32,156,2,4.875,11,156,2,4.875,9,156,3,8.40625,18,269,0.15234375,0.801282051,7,1,0,32,1024,2,2.40625,4,77,pdm
67,672,5,10.02985075,128,672,5,10.02985075,128,672,10,20.05970149,256,1344,0.149699265,1,1,1,0,352,37760,10,107.2727273,270,37760,12,107.2727273,142,37760,21,213.0909091,410,75008,0.304752066,0.519491525,1,1,0,67,23584,2,2.909090909,3,1024,pdm
7,7,0,1,3,7,0,1,2,7,1,2,5,14,0.142857143,0.285714286,2,3,1,7,20,1,2.857142857,5,20,1,2.857142857,4,20,2,4.714285714,8,33,0.408163265,0.75,2,1,0,7,49,2,2,2,14,tl
24,20,0,0.833333333,3,20,0,0.833333333,3,20,1,1.666666667,4,40,0.034722222,0,8,2,1,20,44,1,2.2,4,44,1,2.2,4,44,2,3.4,6,68,0.11,0.727272727,8,1,0,24,480,2,2,2,40,tl
11,20,0,1.818181818,4,20,0,1.818181818,5,20,2,3.636363636,7,40,0.165289256,0.5,1,1,0,9,53,2,5.888888889,8,53,4,5.888888889,8,53,5,10,14,90,0.654320988,0.830188679,1,1,0,11,99,3,3.111111111,4,28,odm
11,21,0,1.909090909,4,21,0,1.909090909,5,21,2,3.818181818,7,42,0.173553719,0.285714286,1,1,0,9,54,2,6,9,54,4,6,8,54,6,10.22222222,15,92,0.666666667,0.777777778,1,1,0,11,99,3,3.222222222,4,29,odm
19,43,0,2.263157895,6,43,0,2.263157895,6,43,1,4.157894737,9,79,0.119113573,0.395348837,1,7,4,20,110,1,5.5,14,110,2,5.5,11,110,3,9.45,21,189,0.275,0.663636364,1,3,2,19,380,2,3,4,60,sdm
18,30,0,1.666666667,4,30,0,1.666666667,5,30,1,3.166666667,7,57,0.092592593,0.3,1,8,5,14,63,1,4.5,11,63,2,4.5,7,63,3,7.571428571,16,106,0.321428571,0.666666667,1,3,2,18,252,2,3.071428571,4,43,odm
13,21,0,1.615384615,5,21,0,1.615384615,5,21,1,3.230769231,6,42,0.124260355,0.095238095,1,6,4,13,52,1,4,8,52,2,4,8,52,2,6.692307692,14,87,0.307692308,0.711538462,1,2,1,13,169,2,2.461538462,4,32,pdm
5,5,0,1,2,5,0,1,2,5,1,2,3,10,0.2,0,1,4,2,5,13,1,2.6,3,13,2,2.6,4,13,3,4.2,6,21,0.52,0.692307692,1,2,1,5,25,2,2,2,10,tl
12,15,0,1.25,3,15,0,1.25,2,15,1,2.5,4,30,0.104166667,0.133333333,1,4,3,9,25,2,2.777777778,5,25,2,2.777777778,4,25,3,4.222222222,7,38,0.308641975,0.72,1,5,4,12,108,2,2.666666667,3,24,sdm
8,14,0,1.75,4,14,0,1.75,4,14,2,3.5,7,28,0.21875,0.428571429,1,1,0,6,34,4,5.666666667,7,34,4,5.666666667,7,34,7,9.5,12,57,0.944444444,0.852941176,1,1,0,8,48,3,3.166666667,4,19,ldm
5,8,1,1.6,2,8,1,1.6,2,8,2,3.2,4,16,0.32,0.5,1,1,0,3,10,2,3.333333333,4,10,3,3.333333333,4,10,4,5,6,15,1.111111111,0.9,1,1,0,5,15,3,3.333333333,4,10,sdm
23,20,0,0.869565217,3,20,0,0.869565217,3,20,1,1.739130435,4,40,0.037807183,0,8,2,1,20,46,1,2.3,4,46,1,2.3,4,46,1,3.6,6,72,0.115,0.739130435,8,1,0,23,460,2,2,2,40,pdm
14,14,0,1,3,14,0,1,2,14,1,2,4,28,0.071428571,0.571428571,5,4,2,13,31,1,2.384615385,5,31,1,2.384615385,4,31,1,3.692307692,7,48,0.183431953,0.838709677,5,2,1,14,182,2,2.076923077,3,27,odm
5,10,1,2,3,10,0,2,4,10,2,4,7,20,0.4,0.6,1,3,2,10,56,2,5.6,7,56,4,5.6,8,56,6,10.2,14,102,0.56,0.75,1,1,0,5,50,2,2,2,20,tl
10,10,0,1,2,10,0,1,3,10,1,2,3,20,0.1,0,1,7,5,7,21,2,3,5,21,1,3,5,21,2,4.571428571,8,32,0.428571429,0.761904762,1,4,3,10,70,2,2.428571429,3,17,pdm
14,27,0,1.928571429,6,27,0,1.928571429,6,27,1,3.857142857,6,54,0.137755102,0,1,2,1,10,44,2,4.4,6,44,2,4.4,7,44,3,7.2,11,72,0.44,0.727272727,1,1,0,14,140,2,3.3,4,33,ldm
21,85,1,4.047619048,13,85,0,4.047619048,13,85,3,8.047619048,16,169,0.192743764,0.223529412,1,1,0,34,278,2,8.176470588,12,278,1,8.176470588,16,278,3,14.94117647,26,508,0.240484429,0.848920863,1,1,0,21,714,2,3.117647059,4,106,pdm
42,34,0,0.80952381,3,34,0,0.80952381,3,34,1,1.619047619,5,68,0.019274376,0.058823529,11,6,3,33,72,1,2.181818182,5,72,1,2.181818182,4,72,2,3.363636364,8,111,0.066115702,0.680555556,11,3,2,42,1386,2,2.03030303,3,67,tl
18,15,0,0.833333333,2,15,0,0.833333333,2,15,1,1.666666667,4,30,0.046296296,0.266666667,5,3,1,15,35,1,2.333333333,4,35,1,2.333333333,4,35,2,3.666666667,7,55,0.155555556,0.714285714,5,1,0,18,270,2,2,2,30,tl
10,11,0,1.1,5,11,0,1.1,2,11,1,2.2,5,22,0.11,0,1,7,5,10,22,1,2.2,6,22,1,2.2,5,22,2,3.3,9,33,0.22,0.681818182,3,3,1,10,100,2,2.1,3,21,sdm
10,11,0,1.1,5,11,0,1.1,2,11,1,2.2,5,22,0.11,0,1,7,5,10,22,1,2.2,6,22,1,2.2,5,22,2,3.3,9,33,0.22,0.681818182,3,3,1,10,100,2,2.1,3,21,odm
12,16,0,1.333333333,3,16,0,1.333333333,3,16,1,2.666666667,5,32,0.111111111,0,1,6,5,11,34,1,3.090909091,6,34,1,3.090909091,6,34,2,5,10,55,0.280991736,0.558823529,1,3,2,12,132,2,2.363636364,4,26,odm
6,6,0,1,2,6,0,1,2,6,1,2,3,12,0.166666667,0,2,2,1,6,14,1,2.333333333,3,14,2,2.333333333,3,14,3,3.666666667,4,22,0.388888889,0.714285714,2,1,0,6,36,2,2,2,12,odm
16,15,0,0.9375,3,15,0,0.9375,2,15,1,1.875,5,30,0.05859375,0.133333333,4,2,1,15,39,1,2.6,5,39,1,2.6,4,39,2,4.2,8,63,0.173333333,0.692307692,4,1,0,16,240,2,2,2,30,tl
13,12,0,0.923076923,6,12,0,0.923076923,1,12,1,1.846153846,6,24,0.071005917,0,1,12,7,12,18,1,1.5,2,18,1,1.5,2,18,2,2,2,24,0.125,0.666666667,6,1,0,13,156,2,2,2,24,tl
13,12,0,0.923076923,6,12,0,0.923076923,1,12,1,1.846153846,6,24,0.071005917,0,1,12,7,12,18,1,1.5,2,18,1,1.5,2,18,2,2,2,24,0.125,0.666666667,6,1,0,13,156,2,2,2,24,tl
27,48,0,1.777777778,6,48,0,1.777777778,5,48,1,3.555555556,10,96,0.065843621,0.25,1,10,9,21,84,1,4,8,84,1,4,8,84,2,6.523809524,14,137,0.19047619,0.797619048,1,10,8,27,567,2,2.904761905,4,61,sdm
14,18,0,1.285714286,4,18,0,1.285714286,4,18,1,2.571428571,5,36,0.091836735,0,1,13,7,18,72,2,4,5,72,1,4,6,72,2,7,10,126,0.222222222,0.722222222,1,5,4,14,252,2,2,2,36,tl
6,12,1,2,5,12,1,2,3,12,2,4,8,24,0.333333333,0.166666667,1,1,0,12,60,2,5,8,60,4,5,6,60,5,9,13,108,0.416666667,0.6,1,1,0,6,72,2,2,2,24,tl
29,24,0,0.827586207,1,24,0,0.827586207,2,24,1,1.655172414,3,48,0.028537455,0,5,2,1,24,57,1,2.375,3,57,1,2.375,4,57,2,3.75,6,90,0.098958333,0.666666667,5,1,0,29,696,2,2,2,48,tl
18,14,0,0.777777778,3,14,0,0.777777778,3,14,1,1.555555556,4,28,0.043209877,0,6,2,1,14,28,1,2,4,28,1,2,4,28,2,3,6,42,0.142857143,0.714285714,6,1,0,18,252,2,2,2,28,tl
10,19,0,1.9,4,19,0,1.9,5,19,1,3.8,7,38,0.19,0.315789474,2,2,1,17,92,1,5.411764706,12,92,1,5.411764706,10,92,3,9.764705882,20,166,0.3183391,0.804347826,2,1,0,10,170,2,2.117647059,3,36,pdm
13,22,0,1.692307692,4,22,0,1.692307692,6,22,1,3.384615385,7,44,0.130177515,0,1,3,2,14,52,1,3.714285714,5,52,2,3.714285714,6,52,2,6.285714286,10,88,0.265306122,0.615384615,1,2,1,13,182,2,2.428571429,4,34,sdm
13,23,0,1.769230769,4,23,0,1.769230769,6,23,1,3.538461538,7,46,0.136094675,0,1,2,1,15,60,2,4,5,60,2,4,7,60,3,6.866666667,11,103,0.266666667,0.616666667,1,1,0,13,195,2,2.4,4,36,sdm
12,18,0,1.5,4,18,0,1.5,4,18,1,3,4,36,0.125,0,1,2,1,11,32,2,2.909090909,4,32,2,2.909090909,4,32,3,4.636363636,6,51,0.26446281,0.59375,1,1,0,12,132,2,2.454545455,4,27,sdm
12,18,0,1.5,4,18,0,1.5,4,18,1,3,4,36,0.125,0,1,2,1,11,32,2,2.909090909,4,32,2,2.909090909,4,32,3,4.636363636,6,51,0.26446281,0.59375,1,1,0,12,132,2,2.454545455,4,27,sdm
81,166,0,2.049382716,12,166,0,2.049382716,8,166,1,4.098765432,16,332,0.025301021,0.265060241,7,16,12,109,703,1,6.449541284,24,703,1,6.449541284,14,703,1,11.69724771,34,1275,0.059170104,0.60170697,7,6,5,81,8829,2,2.52293578,4,275,sdm
8,6,0,0.75,1,6,0,0.75,1,6,1,1.5,2,12,0.09375,0.333333333,3,1,0,6,10,1,1.666666667,2,10,1,1.666666667,2,10,2,2.333333333,3,14,0.277777778,0.8,3,1,0,8,48,2,2,2,12,tl
4,3,0,0.75,1,3,0,0.75,1,3,1,1.5,2,6,0.1875,0,1,3,2,3,5,1,1.666666667,2,5,1,1.666666667,2,5,2,2.333333333,3,7,0.555555556,0.6,1,2,1,4,12,2,2,2,6,pdm
23,22,0,0.956521739,2,22,0,0.956521739,3,22,1,1.913043478,5,44,0.041587902,0.363636364,5,6,3,22,66,1,3,5,66,1,3,5,66,2,5,9,110,0.136363636,0.727272727,5,1,0,23,506,2,2,2,44,tl
21,14,0,0.666666667,1,14,0,0.666666667,1,14,1,1.333333333,2,28,0.031746032,0,7,2,1,14,21,1,1.5,2,21,1,1.5,2,21,2,2,2,28,0.107142857,0.666666667,7,1,0,21,294,2,2,2,28,tl
26,101,0,3.884615385,13,101,0,3.884615385,11,101,2,7.769230769,20,202,0.149408284,0.673267327,1,1,0,64,643,2,10.046875,28,643,1,10.046875,17,643,2,18.859375,40,1207,0.156982422,0.592534992,1,3,2,26,1664,2,2.578125,3,165,pdm
6,7,0,1.166666667,2,7,0,1.166666667,2,7,1,2.333333333,4,14,0.194444444,0.285714286,1,4,3,4,13,2,3.25,5,13,2,3.25,4,13,3,5,7,20,0.8125,0.769230769,1,2,1,6,24,2,2.75,3,11,ldm
4,9,0,2.25,3,9,0,2.25,5,9,1,4,7,16,0.5625,0.444444444,1,2,1,4,24,5,6,9,24,3,6,8,24,7,10,13,40,1.5,0.833333333,1,1,0,4,16,2,3,4,12,ldm
5,4,0,0.8,1,4,0,0.8,1,4,1,1.6,2,8,0.16,0,1,4,3,4,7,1,1.75,2,7,1,1.75,2,7,2,2.5,3,10,0.4375,0.571428571,1,3,2,5,20,2,2,2,8,tl
26,47,0,1.807692308,4,47,0,1.807692308,5,47,2,3.615384615,8,94,0.069526627,0.510638298,1,8,7,31,147,2,4.741935484,13,147,1,4.741935484,9,147,2,8.193548387,20,254,0.152965661,0.707482993,2,2,1,26,806,2,2.483870968,4,77,pdm
16,14,0,0.875,2,14,0,0.875,3,14,1,1.75,5,28,0.0546875,0.285714286,4,2,1,14,39,1,2.785714286,5,39,1,2.785714286,5,39,2,4.571428571,9,64,0.198979592,0.717948718,4,1,0,16,224,2,2,2,28,tl
15,13,0,0.866666667,3,13,0,0.866666667,2,13,1,1.733333333,5,26,0.057777778,0.153846154,4,2,1,12,29,1,2.416666667,7,29,1,2.416666667,5,29,2,3.75,10,45,0.201388889,0.724137931,4,1,0,15,180,2,2.083333333,3,25,odm
27,49,0,1.814814815,6,49,0,1.814814815,7,49,1,3.518518519,8,95,0.067215364,0.06122449,1,11,7,23,146,2,6.347826087,9,146,1,6.347826087,11,146,2,10.7826087,18,248,0.275992439,0.808219178,1,4,3,27,621,2,2.956521739,4,68,pdm
124,116,0,0.935483871,4,116,0,0.935483871,6,116,1,1.870967742,9,232,0.007544225,0.086206897,31,16,13,109,350,1,3.211009174,13,350,1,3.211009174,13,350,1,5.394495413,23,588,0.0294588,0.691428571,31,1,0,124,13516,2,2.055045872,4,224,pdm
19,30,0,1.578947368,6,30,0,1.578947368,6,30,1,3.157894737,7,60,0.083102493,0,2,8,6,20,76,1,3.8,11,76,1,3.8,7,76,2,6.55,14,131,0.19,0.697368421,2,2,1,19,380,2,2.5,4,50,odm
47,43,0,0.914893617,4,43,0,0.914893617,3,43,1,1.829787234,6,86,0.019465822,0.046511628,7,3,1,41,124,1,3.024390244,8,124,1,3.024390244,9,124,1,5,15,205,0.073765616,0.717741935,7,1,0,47,1927,2,2.048780488,3,84,pdm
30,58,0,1.933333333,5,58,0,1.933333333,5,58,1,3.866666667,10,116,0.064444444,0.137931034,1,5,4,25,114,1,4.56,10,114,2,4.56,8,114,2,7.68,16,192,0.1824,0.666666667,1,2,1,30,750,2,2.96,4,74,odm
7,9,0,1.285714286,4,9,0,1.285714286,3,9,1,2.571428571,5,18,0.183673469,0.222222222,1,4,3,5,15,1,3,5,15,2,3,4,15,2,4.6,7,23,0.6,0.866666667,1,3,2,7,35,2,2.6,4,13,odm
17,20,0,1.176470588,4,20,0,1.176470588,3,20,1,2.352941176,7,40,0.069204152,0,1,10,8,20,78,1,3.9,7,78,2,3.9,6,78,4,6.8,11,136,0.195,0.615384615,1,1,0,17,340,2,2,2,40,tl
66,88,0,1.333333333,4,88,0,1.333333333,5,88,1,2.666666667,9,176,0.02020202,0.454545455,15,6,4,78,344,1,4.41025641,16,344,1,4.41025641,10,344,2,7.743589744,23,604,0.056541749,0.715116279,15,1,0,66,5148,2,2.128205128,3,166,pdm
18,9,0,0.5,1,9,0,0.5,1,9,1,1,1,18,0.027777778,0,9,1,0,9,9,1,1,1,9,1,1,1,9,1,1,1,9,0.111111111,1,9,0,0,18,162,2,2,2,18,odm
5,7,0,1.4,2,7,1,1.4,3,7,1,2.8,5,14,0.28,0.571428571,1,3,2,4,19,4,4.75,6,19,4,4.75,5,19,7,7.75,9,31,1.1875,0.894736842,1,1,0,5,20,2,2.75,3,11,dm
504,1524,0,3.023809524,80,1524,0,3.023809524,63,1524,1,6.047619048,80,3048,0.005999622,0,1,11,10,827,26204,2,31.68561064,74,26204,1,31.68561064,113,26204,2,61.52841596,169,50884,0.038313919,0.948710121,1,6,5,504,416808,2,2.84280532,3,2351,pdm
47,148,0,3.14893617,36,148,0,3.14893617,40,148,1,5.978723404,63,281,0.066998642,0.236486486,2,25,20,56,1091,1,19.48214286,47,1091,1,19.48214286,48,1091,1,37.125,88,2079,0.347895408,0.759853346,2,2,1,47,2632,2,3.107142857,5,174,pdm
14,19,0,1.357142857,3,19,0,1.357142857,2,19,1,2.714285714,5,38,0.096938776,0,1,6,5,11,44,2,4,7,44,2,4,5,44,4,6.545454545,10,72,0.363636364,0.590909091,1,1,0,14,154,2,2.727272727,3,30,odm
3,4,1,1.333333333,2,4,1,1.333333333,2,4,2,2.666666667,4,8,0.444444444,1,1,2,1,4,12,2,3,4,12,3,3,3,12,4,5,6,20,0.75,0.833333333,1,1,0,3,12,2,2,2,8,pdm
13,16,0,1.230769231,2,16,0,1.230769231,2,16,1,2.461538462,4,32,0.094674556,0.25,1,10,6,11,36,1,3.272727273,6,36,2,3.272727273,5,36,3,5.272727273,8,58,0.297520661,0.666666667,1,3,2,13,143,2,2.454545455,3,27,odm
13,16,0,1.230769231,2,16,0,1.230769231,2,16,1,2.461538462,4,32,0.094674556,0.25,1,10,6,11,36,1,3.272727273,6,36,2,3.272727273,5,36,3,5.272727273,8,58,0.297520661,0.666666667,1,3,2,13,143,2,2.454545455,3,27,sdm
17,23,0,1.352941176,4,23,0,1.352941176,3,23,1,2.705882353,4,46,0.079584775,0.173913043,1,10,7,15,59,1,3.933333333,6,59,2,3.933333333,7,59,3,6.466666667,11,97,0.262222222,0.728813559,1,2,1,17,255,2,2.533333333,3,38,sdm
50,64,0,1.28,7,64,0,1.28,5,64,1,2.56,11,128,0.0256,0.40625,12,2,1,52,218,1,4.192307692,16,218,1,4.192307692,9,218,1,7.288461538,23,379,0.080621302,0.683486239,12,1,0,50,2600,2,2.230769231,3,116,pdm
4,3,0,0.75,1,3,0,0.75,1,3,1,1.5,2,6,0.1875,0,1,3,2,3,5,1,1.666666667,2,5,1,1.666666667,2,5,2,2.333333333,3,7,0.555555556,0.6,1,2,1,4,12,2,2,2,6,pdm
56,106,0,1.892857143,10,106,0,1.892857143,10,106,1,3.785714286,13,212,0.03380102,0.056603774,1,18,12,61,337,1,5.524590164,13,337,2,5.524590164,11,337,3,9.68852459,22,591,0.090567052,0.637982196,1,1,0,56,3416,2,2.590163934,4,158,pdm
27,22,0,0.814814815,3,22,0,0.814814815,2,22,1,1.62962963,4,44,0.030178326,0.272727273,9,3,1,22,40,1,1.818181818,4,40,1,1.818181818,3,40,2,2.636363636,4,58,0.082644628,0.75,9,2,1,27,594,2,2,2,44,tl
32,42,1,1.3125,3,42,1,1.3125,3,42,2,2.625,6,84,0.041015625,0.571428571,9,1,0,42,130,2,3.095238095,6,130,2,3.095238095,5,130,3,5.19047619,10,218,0.073696145,0.769230769,9,1,0,32,1344,2,2,2,84,tl
8,11,0,1.375,3,11,0,1.375,4,11,1,2.75,5,22,0.171875,0.363636364,1,5,2,8,32,1,4,8,32,2,4,6,32,3,6.875,11,55,0.5,0.65625,1,1,0,8,64,2,2.375,3,19,odm
8,10,0,1.25,2,10,0,1.25,3,10,1,2.5,5,20,0.15625,0.4,1,6,3,8,30,1,3.75,7,30,2,3.75,5,30,3,6.375,10,51,0.46875,0.7,1,1,0,8,64,2,2.25,3,18,odm
56,39,0,0.696428571,2,39,0,0.696428571,2,39,1,1.392857143,3,78,0.012436224,0,17,2,1,38,64,1,1.684210526,6,64,1,1.684210526,5,64,2,2.342105263,9,89,0.04432133,0.671875,17,1,0,56,2128,2,2.026315789,3,77,odm
12,9,0,0.75,2,9,0,0.75,2,9,1,1.5,3,18,0.0625,0,4,2,1,9,16,1,1.777777778,3,16,1,1.777777778,3,16,2,2.555555556,4,23,0.197530864,0.6875,4,1,0,12,108,2,2,2,18,pdm
6,10,0,1.666666667,4,10,0,1.666666667,4,10,2,3.333333333,6,20,0.277777778,0.2,1,1,0,3,14,4,4.666666667,5,14,4,4.666666667,5,14,6,7.333333333,8,22,1.555555556,1,1,1,0,6,18,3,3.666666667,4,11,odm
4,4,0,1,2,4,0,1,2,4,1,2,4,8,0.25,0.5,1,3,1,2,5,2,2.5,3,5,2,2.5,3,5,3,3.5,4,7,1.25,1,1,1,0,4,8,3,3,3,6,ldm
9,8,0,0.888888889,1,8,0,0.888888889,2,8,1,1.777777778,3,16,0.098765432,0,1,8,6,8,17,1,2.125,3,17,1,2.125,3,17,2,3.25,5,26,0.265625,0.588235294,1,6,5,9,72,2,2,2,16,tl
22,63,0,2.863636364,11,63,0,2.863636364,8,63,1,5,11,110,0.130165289,0.444444444,1,4,2,37,214,1,5.783783784,17,214,2,5.783783784,15,214,3,10,28,370,0.156318481,0.654205607,1,2,1,22,814,2,2.594594595,4,96,pdm
26,13,0,0.5,1,13,0,0.5,1,13,1,1,1,26,0.019230769,0,13,1,0,13,13,1,1,1,13,1,1,1,13,1,1,1,13,0.076923077,1,13,0,0,26,338,2,2,2,26,sdm
12,12,0,1,3,12,0,1,3,12,1,2,4,24,0.083333333,0,4,2,1,12,30,1,2.5,4,30,1,2.5,4,30,2,4,6,48,0.208333333,0.733333333,4,1,0,12,144,2,2,2,24,tl
12,12,0,1,3,12,0,1,3,12,1,2,4,24,0.083333333,0,4,2,1,12,30,1,2.5,4,30,1,2.5,4,30,2,4,6,48,0.208333333,0.733333333,4,1,0,12,144,2,2,2,24,tl
22,26,0,1.181818182,5,26,0,1.181818182,3,26,1,2.363636364,8,52,0.053719008,0,1,13,10,26,102,1,3.923076923,8,102,2,3.923076923,6,102,4,6.846153846,12,178,0.150887574,0.607843137,1,1,0,22,572,2,2,2,52,tl
11,8,0,0.727272727,1,8,0,0.727272727,2,8,1,1.454545455,3,16,0.066115702,0,3,2,1,8,17,1,2.125,3,17,1,2.125,3,17,2,3.25,4,26,0.265625,0.705882353,3,1,0,11,88,2,2,2,16,odm
6,8,0,1.333333333,4,8,0,1.333333333,4,8,2,2.666666667,4,16,0.222222222,0,1,1,0,8,24,2,3,4,24,1,3,5,24,2,5,8,40,0.375,0.833333333,1,5,4,6,48,2,2,2,16,pdm
47,55,0,1.170212766,5,55,0,1.170212766,5,55,1,2.340425532,8,110,0.024898144,0.4,11,6,3,51,220,1,4.31372549,15,220,1,4.31372549,10,220,1,7.588235294,23,387,0.084582853,0.686363636,11,1,0,47,2397,2,2.078431373,3,106,pdm
9,10,0,1.111111111,3,10,0,1.111111111,3,10,1,2.222222222,4,20,0.12345679,0,3,2,1,10,27,1,2.7,4,27,2,2.7,4,27,3,4.4,6,44,0.27,0.740740741,3,1,0,9,90,2,2,2,20,pdm
23,15,0,0.652173913,1,15,0,0.652173913,1,15,1,1.304347826,2,30,0.028355388,0,8,1,0,15,22,1,1.466666667,2,22,1,1.466666667,2,22,1,1.933333333,2,29,0.097777778,0.681818182,8,0,0,23,345,2,2,2,30,tl
44,95,0,2.159090909,10,95,0,2.159090909,16,95,1,4.25,16,187,0.049070248,0.073684211,1,17,12,45,417,2,9.266666667,22,417,2,9.266666667,27,417,3,16.93333333,43,762,0.205925926,0.839328537,1,4,3,44,1980,2,3,5,135,pdm
9,18,0,2,4,18,0,2,6,18,1,4,10,36,0.222222222,0.222222222,1,4,1,4,20,4,5,6,20,4,5,6,20,7,8.5,10,34,1.25,1,1,1,0,9,36,4,4.5,5,18,ldm
8,8,0,1,2,8,0,1,2,8,1,2,4,16,0.125,0.25,3,2,1,8,19,1,2.375,4,19,1,2.375,4,19,2,3.75,5,30,0.296875,0.736842105,3,1,0,8,64,2,2,2,16,pdm
6,5,0,0.833333333,1,5,0,0.833333333,1,5,1,1.666666667,2,10,0.138888889,0.4,2,3,2,5,9,1,1.8,2,9,1,1.8,2,9,2,2.6,3,13,0.36,0.777777778,2,2,1,6,30,2,2,2,10,tl
7,6,0,0.857142857,1,6,0,0.857142857,1,6,1,1.714285714,2,12,0.12244898,0.666666667,3,2,1,6,11,1,1.833333333,2,11,1,1.833333333,2,11,2,2.666666667,3,16,0.305555556,0.909090909,3,1,0,7,42,2,2,2,12,tl
5,4,0,0.8,1,4,0,0.8,1,4,1,1.6,2,8,0.16,0.5,2,2,1,4,7,1,1.75,2,7,1,1.75,2,7,2,2.5,3,10,0.4375,0.857142857,2,1,0,5,20,2,2,2,8,pdm
5,6,0,1.2,2,6,0,1.2,2,6,2,2.4,4,12,0.24,0.333333333,2,2,1,6,16,2,2.666666667,4,16,2,2.666666667,4,16,3,4.333333333,5,26,0.444444444,0.75,2,1,0,5,30,2,2,2,12,pdm
5,5,0,1,2,5,0,1,2,5,1,2,3,10,0.2,0.4,2,2,1,5,11,2,2.2,3,11,1,2.2,3,11,3,3.4,4,17,0.44,0.818181818,2,1,0,5,25,2,2,2,10,pdm
6,4,0,0.666666667,1,4,0,0.666666667,1,4,1,1.333333333,2,8,0.111111111,0,2,2,1,4,6,1,1.5,2,6,1,1.5,2,6,2,2,2,8,0.375,0.666666667,2,1,0,6,24,2,2,2,8,pdm
19,16,0,0.842105263,2,16,0,0.842105263,2,16,1,1.684210526,3,32,0.04432133,0.375,7,5,4,16,33,1,2.0625,3,33,1,2.0625,3,33,1,3.125,5,50,0.12890625,0.848484848,7,4,3,19,304,2,2,2,32,tl
12,12,0,1,2,12,0,1,2,12,1,2,3,24,0.083333333,0.5,4,5,4,12,28,1,2.333333333,3,28,1,2.333333333,3,28,1,3.666666667,5,44,0.194444444,0.857142857,4,4,3,12,144,2,2,2,24,tl
20,49,0,2.45,7,49,0,2.45,6,49,2,4.9,12,98,0.1225,0.204081633,1,1,0,27,162,2,6,13,162,2,6,11,162,4,10.7037037,21,289,0.222222222,0.586419753,1,1,0,20,540,2,2.740740741,4,74,pdm
6,4,0,0.666666667,1,4,0,0.666666667,1,4,1,1.333333333,2,8,0.111111111,0,2,2,1,4,6,1,1.5,2,6,1,1.5,2,6,2,2,2,8,0.375,0.666666667,2,1,0,6,24,2,2,2,8,odm
9,6,0,0.666666667,1,6,0,0.666666667,1,6,1,1.333333333,2,12,0.074074074,0,3,2,1,6,9,1,1.5,2,9,1,1.5,2,9,2,2,2,12,0.25,0.666666667,3,1,0,9,54,2,2,2,12,pdm
19,19,0,1,2,19,0,1,3,19,1,2,5,38,0.052631579,0.210526316,4,2,1,17,52,1,3.058823529,9,52,1,3.058823529,7,52,2,5.058823529,14,86,0.179930796,0.692307692,4,1,0,19,323,2,2.117647059,3,36,odm
5,4,0,0.8,1,4,0,0.8,1,4,1,1.6,2,8,0.16,0,1,4,3,4,7,1,1.75,2,7,1,1.75,2,7,2,2.5,3,10,0.4375,0.571428571,1,3,2,5,20,2,2,2,8,odm
15,14,0,0.933333333,2,14,0,0.933333333,3,14,1,1.866666667,4,28,0.062222222,0,2,5,3,14,43,1,3.071428571,4,43,1,3.071428571,5,43,2,5.142857143,8,72,0.219387755,0.744186047,2,3,2,15,210,2,2,2,28,tl
6,6,0,1,2,6,0,1,3,6,1,2,4,12,0.166666667,0,1,5,3,6,18,2,3,4,18,1,3,5,18,2,5,7,30,0.5,0.777777778,1,3,2,6,36,2,2,2,12,pdm
8,14,1,1.75,3,14,0,1.75,5,14,1,2.875,6,23,0.21875,0.5,1,5,4,9,44,4,4.888888889,6,44,2,4.888888889,8,44,5,8.222222222,12,74,0.543209877,0.681818182,1,1,0,8,72,2,2.555555556,3,23,tl
6,9,1,1.5,2,9,0,1.5,3,9,1,2.5,4,15,0.25,0.333333333,1,4,3,6,24,4,4,4,24,2,4,6,24,5,6.5,8,39,0.666666667,0.625,1,1,0,6,36,2,2.5,3,15,tl
13,13,0,1,3,13,0,1,3,13,1,2,5,26,0.076923077,0.153846154,1,12,5,10,31,1,3.1,7,31,1,3.1,6,31,2,5,11,50,0.31,0.709677419,1,4,3,13,130,2,2.3,3,23,pdm
75,144,0,1.92,14,144,0,1.92,8,144,1,3.84,16,288,0.0256,0.111111111,3,2,1,91,615,1,6.758241758,25,615,1,6.758241758,13,615,2,12.23076923,34,1113,0.074266393,0.606504065,3,1,0,75,6825,2,2.582417582,4,235,odm
12,20,0,1.666666667,8,20,0,1.666666667,4,20,1,3.333333333,8,40,0.138888889,0.2,1,5,3,11,37,1,3.363636364,7,37,1,3.363636364,6,37,1,5.454545455,11,60,0.305785124,0.864864865,2,5,4,12,132,2,2.545454545,4,28,odm
18,58,2,3.222222222,6,58,0,3.222222222,10,58,2,6.444444444,14,116,0.179012346,0.482758621,1,7,6,58,588,6,10.13793103,14,588,4,10.13793103,20,588,11,19.27586207,33,1118,0.174791914,0.714285714,1,1,0,18,1044,2,2,2,116,pdm
77,137,0,1.779220779,8,137,0,1.779220779,17,137,1,3.558441558,18,274,0.023106763,0.233576642,1,18,17,69,696,2,10.08695652,22,696,2,10.08695652,26,696,3,18.44927536,46,1273,0.146187776,0.79454023,1,1,0,77,5313,2,2.985507246,4,206,pdm
54,89,0,1.648148148,6,89,0,1.648148148,12,89,1,3.296296296,13,178,0.030521262,0.179775281,1,13,12,45,368,2,8.177777778,17,368,2,8.177777778,20,368,3,14.6,35,657,0.181728395,0.79076087,1,2,1,54,2430,2,2.977777778,4,134,pdm
73,130,0,1.780821918,8,130,0,1.780821918,17,130,1,3.561643836,17,260,0.024394821,0.246153846,1,18,17,66,639,2,9.681818182,20,639,2,9.681818182,25,639,3,17.65151515,43,1165,0.146694215,0.812206573,1,1,0,73,4818,2,2.96969697,3,196,pdm
19,57,0,3,8,57,0,3,7,57,1,5.526315789,12,105,0.157894737,0.298245614,1,3,2,20,153,2,7.65,13,153,2,7.65,12,153,5,13.1,21,262,0.3825,0.745098039,1,1,0,19,380,2,3.4,4,68,pdm
6,5,0,0.833333333,1,5,0,0.833333333,2,5,1,1.666666667,3,10,0.138888889,0,1,5,3,5,11,1,2.2,3,11,1,2.2,3,11,2,3.4,5,17,0.44,0.636363636,1,3,2,6,30,2,2,2,10,pdm
112,126,0,1.125,4,126,0,1.125,6,126,1,2.25,8,252,0.010044643,0,10,57,27,115,463,1,4.026086957,12,463,1,4.026086957,12,463,1,6.956521739,20,800,0.035009452,0.695464363,10,20,11,112,12880,2,2.095652174,3,241,pdm
112,126,0,1.125,4,126,0,1.125,6,126,1,2.25,8,252,0.010044643,0,10,57,27,115,463,1,4.026086957,12,463,1,4.026086957,12,463,1,6.956521739,20,800,0.035009452,0.695464363,10,20,11,112,12880,2,2.095652174,3,241,pdm
113,127,0,1.123893805,4,127,0,1.123893805,6,127,1,2.247787611,8,254,0.009945963,0,10,58,27,116,468,1,4.034482759,13,468,1,4.034482759,12,468,1,6.974137931,20,809,0.034780024,0.69017094,10,20,11,113,13108,2,2.094827586,3,243,pdm
54,199,0,3.685185185,16,199,0,3.685185185,16,199,1,6.962962963,24,376,0.06824417,0.48241206,1,10,9,80,931,2,11.6375,32,931,4,11.6375,24,931,6,21.425,53,1714,0.14546875,0.691729323,1,1,0,54,4320,2,3.1875,5,255,pdm
34,36,0,1.058823529,4,36,0,1.058823529,3,36,1,2.117647059,5,72,0.031141869,0.111111111,8,1,0,36,88,1,2.444444444,5,88,1,2.444444444,5,88,1,3.888888889,8,140,0.067901235,0.636363636,8,1,0,34,1224,2,2,2,72,pdm
38,30,0,0.789473684,2,30,0,0.789473684,2,30,1,1.578947368,3,60,0.020775623,0,11,2,1,30,59,1,1.966666667,3,59,1,1.966666667,4,59,2,2.933333333,6,88,0.065555556,0.677966102,11,1,0,38,1140,2,2,2,60,tl
13,14,0,1.076923077,2,14,0,1.076923077,4,14,1,2.153846154,6,28,0.082840237,0.285714286,2,9,4,12,43,1,3.583333333,10,43,1,3.583333333,8,43,2,6,15,72,0.298611111,0.697674419,2,2,1,13,156,2,2.166666667,3,26,pdm
13,14,0,1.076923077,2,14,0,1.076923077,4,14,1,2.153846154,6,28,0.082840237,0.285714286,2,9,4,12,43,1,3.583333333,10,43,1,3.583333333,8,43,2,6,15,72,0.298611111,0.697674419,2,2,1,13,156,2,2.166666667,3,26,pdm
15,22,0,1.466666667,3,22,0,1.466666667,3,22,2,2.933333333,6,44,0.097777778,0.181818182,1,2,1,9,25,2,2.777777778,4,25,2,2.777777778,4,25,3,4.222222222,6,38,0.308641975,0.72,1,2,1,15,135,2,3,5,27,pdm
11,11,0,1,3,11,0,1,3,11,1,2,6,22,0.090909091,0.363636364,3,2,1,11,34,1,3.090909091,6,34,1,3.090909091,5,34,2,5.181818182,10,57,0.280991736,0.676470588,3,1,0,11,121,2,2,2,22,tl
20,17,0,0.85,3,17,0,0.85,3,17,1,1.7,6,34,0.0425,0.235294118,6,2,1,17,43,1,2.529411765,6,43,1,2.529411765,5,43,2,4.058823529,10,69,0.148788927,0.674418605,6,1,0,20,340,2,2,2,34,tl
33,69,1,2.090909091,6,69,0,2.090909091,7,69,1,4.181818182,12,138,0.063360882,0.782608696,9,3,2,64,395,2,6.171875,11,395,1,6.171875,12,395,2,11.34375,22,726,0.096435547,0.653164557,9,2,1,33,2112,2,2.078125,3,133,pdm
9,16,0,1.777777778,4,16,0,1.777777778,4,16,2,3.555555556,8,32,0.197530864,0.5,1,1,0,8,48,2,6,10,48,5,6,7,48,6,10.5,15,84,0.75,0.708333333,1,1,0,9,72,3,3,3,24,pdm
9,16,0,1.777777778,4,16,0,1.777777778,3,16,2,3.555555556,5,32,0.197530864,0.125,1,1,0,8,35,3,4.375,6,35,1,4.375,6,35,3,7.125,10,57,0.546875,0.714285714,1,1,0,9,72,2,2.875,4,23,pdm
9,14,0,1.555555556,3,14,0,1.555555556,3,14,1,3.111111111,5,28,0.172839506,0,1,2,1,8,32,2,4,7,32,2,4,6,32,4,6.5,9,52,0.5,0.625,1,1,0,9,72,2,2.75,3,22,odm
8,9,0,1.125,2,9,0,1.125,2,9,1,2.25,3,18,0.140625,0,1,3,2,5,16,2,3.2,5,16,2,3.2,4,16,3,4.8,6,24,0.64,0.625,1,1,0,8,40,2,2.8,3,14,odm
4,4,0,1,2,4,0,1,2,4,2,2,2,8,0.25,0,1,1,0,4,8,2,2,2,8,1,2,3,8,2,3,4,12,0.5,0.75,1,3,2,4,16,2,2,2,8,pdm
13,28,0,2.153846154,6,28,0,2.153846154,6,28,2,4.307692308,12,56,0.165680473,0.428571429,1,1,0,16,112,2,7,15,112,2,7,10,112,4,12.625,22,202,0.4375,0.660714286,1,1,0,13,208,2,2.75,3,44,pdm
30,57,0,1.9,7,57,0,1.9,9,57,1,3.8,9,114,0.063333333,0,1,8,7,33,197,2,5.96969697,17,197,1,5.96969697,15,197,4,10.66666667,25,352,0.180899908,0.802030457,1,1,0,30,990,2,2.727272727,3,90,pdm
459,807,0,1.758169935,45,807,0,1.758169935,45,807,1,3.516339869,46,1614,0.003830436,0.436183395,93,47,45,805,7574,1,9.408695652,46,7574,1,9.408695652,48,7574,1,17.8173913,92,14343,0.011687821,0.813968841,93,45,44,459,369495,2,2.002484472,3,1612,pdm
459,807,0,1.758169935,45,807,0,1.758169935,45,807,1,3.516339869,46,1614,0.003830436,0.436183395,93,47,45,805,7574,1,9.408695652,46,7574,1,9.408695652,48,7574,1,17.8173913,92,14343,0.011687821,0.813968841,93,45,44,459,369495,2,2.002484472,3,1612,pdm
459,807,0,1.758169935,45,807,0,1.758169935,45,807,1,3.516339869,46,1614,0.003830436,0.436183395,93,47,45,805,7574,1,9.408695652,46,7574,1,9.408695652,48,7574,1,17.8173913,92,14343,0.011687821,0.813968841,93,45,44,459,369495,2,2.002484472,3,1612,pdm
459,808,0,1.760348584,45,808,0,1.760348584,45,808,1,3.520697168,46,1616,0.003835182,0.438118812,93,47,45,806,7579,1,9.403225806,46,7579,1,9.403225806,48,7579,1,17.80645161,92,14352,0.011666533,0.814091569,93,45,44,459,369954,2,2.00248139,3,1614,pdm
459,808,0,1.760348584,45,808,0,1.760348584,45,808,1,3.520697168,46,1616,0.003835182,0.438118812,93,47,45,806,7579,1,9.403225806,46,7579,1,9.403225806,48,7579,1,17.80645161,92,14352,0.011666533,0.814091569,93,45,44,459,369954,2,2.00248139,3,1614,pdm
18,18,0,1,2,18,0,1,2,18,1,2,4,36,0.055555556,0.111111111,5,2,1,18,48,1,2.666666667,4,48,1,2.666666667,4,48,1,4.333333333,7,78,0.148148148,0.666666667,5,1,0,18,324,2,2,2,36,tl
16,13,0,0.8125,2,13,0,0.8125,2,13,1,1.625,3,26,0.05078125,0,3,11,8,13,25,1,1.923076923,3,25,1,1.923076923,3,25,1,2.846153846,5,37,0.147928994,0.6,3,9,7,16,208,2,2,2,26,tl
155,933,1,6.019354839,35,933,3,6.019354839,26,933,4,12.03870968,61,1866,0.038834547,0.662379421,1,1,0,480,16313,3,33.98541667,108,16313,11,33.98541667,69,16313,13,66.65833333,170,31996,0.070802951,0.4351131,1,1,0,155,74400,2,2.94375,3,1413,pdm
32,62,0,1.9375,9,62,0,1.9375,7,62,1,3.875,10,124,0.060546875,0.129032258,1,7,5,30,155,1,5.166666667,9,155,2,5.166666667,9,155,3,8.9,15,267,0.172222222,0.703225806,1,2,1,32,960,2,2.833333333,5,85,odm
21,32,0,1.523809524,4,32,0,1.523809524,6,32,1,3.047619048,8,64,0.072562358,0.0625,1,12,6,15,68,3,4.533333333,8,68,2,4.533333333,9,68,4,7.733333333,15,116,0.302222222,0.764705882,1,2,1,21,315,2,2.8,4,42,pdm
41,36,0,0.87804878,2,36,0,0.87804878,2,36,1,1.756097561,4,72,0.021415824,0.222222222,11,2,1,36,89,1,2.472222222,4,89,1,2.472222222,4,89,2,3.944444444,7,142,0.06867284,0.719101124,11,1,0,41,1476,2,2,2,72,tl
44,43,0,0.977272727,1,43,0,0.977272727,43,43,1,1.954545455,43,86,0.022210744,0,1,43,1,43,1849,43,43,43,1849,43,43,43,1849,85,85,85,3655,1,1,1,1,0,44,1892,2,2,2,86,pdm
34,72,0,2.117647059,10,72,0,2.117647059,10,72,0,4.235294118,13,144,0.062283737,0.055555556,2,5,4,35,206,1,5.885714286,13,206,2,5.885714286,11,206,2,10.25714286,21,359,0.168163265,0.655339806,1,2,1,34,1190,2,2.8,4,98,pdm
4,5,0,1.25,2,5,1,1.25,2,5,1,2.5,3,10,0.3125,0.4,1,2,1,5,13,1,2.6,3,13,2,2.6,3,13,3,4.2,5,21,0.52,0.692307692,1,1,0,4,20,2,2,2,10,pdm
5,8,0,1.6,3,8,1,1.6,2,8,1,3.2,4,16,0.32,0.25,1,2,1,8,27,1,3.375,4,27,3,3.375,4,27,3,5.75,7,46,0.421875,0.592592593,1,1,0,5,40,2,2,2,16,tl
6,10,0,1.666666667,4,10,1,1.666666667,3,10,1,3.333333333,5,20,0.277777778,0.2,1,2,1,10,35,1,3.5,5,35,2,3.5,5,35,3,6,8,60,0.35,0.628571429,1,1,0,6,60,2,2,2,20,pdm
39,103,0,2.641025641,13,103,0,2.641025641,7,103,1,5.282051282,20,206,0.067718606,0.660194175,4,10,6,70,633,1,9.042857143,28,633,1,9.042857143,16,633,2,16.87142857,40,1181,0.129183673,0.579778831,4,1,0,39,2730,2,2.471428571,3,173,pdm
27,55,0,2.037037037,9,55,0,2.037037037,9,55,1,4.074074074,15,110,0.075445816,0.145454545,1,7,5,21,126,1,6,12,126,1,6,12,126,2,10.52380952,21,221,0.285714286,0.849206349,1,4,3,27,567,2,3.142857143,4,66,pdm
4,5,0,1.25,2,5,1,1.25,2,5,1,2.5,3,10,0.3125,0.4,1,2,1,5,13,1,2.6,3,13,2,2.6,3,13,3,4.2,5,21,0.52,0.692307692,1,1,0,4,20,2,2,2,10,pdm
20,50,1,2.5,4,50,1,2.5,4,50,3,5,8,100,0.125,0.52,1,1,0,20,133,2,6.65,12,133,4,6.65,9,133,6,11.6,17,232,0.3325,0.661654135,1,1,0,20,400,3,3.35,4,67,odm
24,66,1,2.75,6,66,1,2.75,6,66,3,5.5,12,132,0.114583333,0.545454545,1,1,0,26,212,2,8.153846154,16,212,4,8.153846154,11,212,6,14.61538462,23,380,0.313609467,0.641509434,1,1,0,24,624,3,3.384615385,4,88,odm
26,66,1,2.538461538,6,66,1,2.538461538,6,66,3,5.076923077,12,132,0.097633136,0.545454545,1,1,0,27,207,2,7.666666667,16,207,5,7.666666667,11,207,7,13.66666667,23,369,0.283950617,0.623188406,1,1,0,26,702,3,3.333333333,4,90,odm
28,81,0,2.892857143,7,81,1,2.892857143,7,81,3,5.785714286,14,162,0.103316327,0.518518519,1,1,0,32,285,2,8.90625,19,285,4,8.90625,13,285,6,16.09375,28,515,0.278320313,0.642105263,1,1,0,28,896,3,3.375,4,108,odm
38,111,0,2.921052632,9,111,1,2.921052632,9,111,3,5.842105263,18,222,0.076869806,0.486486486,1,1,0,45,441,2,9.8,23,441,5,9.8,16,441,7,17.86666667,34,804,0.217777778,0.62585034,1,1,0,38,1710,3,3.333333333,4,150,odm
179,442,0,2.469273743,13,442,0,2.469273743,13,442,1,4.938547486,24,884,0.013794825,0.416289593,1,14,12,225,2824,1,12.55111111,37,2824,2,12.55111111,23,2824,3,23.56444444,55,5302,0.055782716,0.601274788,1,3,2,179,40275,2,2.964444444,4,667,odm
17,22,0,1.294117647,2,22,0,1.294117647,2,22,1,2.588235294,4,44,0.076124567,0.272727273,4,2,1,16,46,1,2.875,5,46,1,2.875,3,46,1,4.5625,6,73,0.1796875,0.673913043,4,1,0,17,272,2,2.375,3,38,odm
119,243,0,2.042016807,7,243,0,2.042016807,12,243,1,4.084033613,14,486,0.017159805,0.12345679,1,36,35,151,1272,2,8.42384106,21,1272,1,8.42384106,26,1272,2,15.37086093,44,2321,0.055787027,0.777515723,1,9,8,119,17969,2,2.609271523,3,394,sdm
48,89,0,1.854166667,8,89,0,1.854166667,12,89,1,3.708333333,17,178,0.038628472,0.112359551,1,12,11,48,276,1,5.75,14,276,1,5.75,17,276,1,10.16666667,29,488,0.119791667,0.724637681,2,5,4,48,2304,2,2.666666667,4,128,pdm
95,225,0,2.368421053,8,225,0,2.368421053,8,225,1,4.736842105,12,450,0.024930748,0.231111111,1,7,6,125,867,1,6.936,18,867,2,6.936,14,867,3,12.44,30,1555,0.055488,0.637831603,1,2,1,95,11875,2,2.8,3,350,pdm
4,5,0,1.25,3,5,0,1.25,3,5,1,2.5,4,10,0.3125,0,1,3,2,5,17,1,3.4,4,17,1,3.4,4,17,4,5.8,7,29,0.68,0.647058824,1,1,0,4,20,2,2,2,10,pdm
56,82,0,1.464285714,5,82,0,1.464285714,4,82,1,2.928571429,8,164,0.026147959,0.219512195,4,19,11,58,246,2,4.24137931,12,246,1,4.24137931,8,246,2,7.224137931,18,419,0.073127229,0.605691057,4,4,3,56,3248,2,2.413793103,3,140,odm
6,4,0,0.666666667,1,4,0,0.666666667,1,4,1,1.333333333,2,8,0.111111111,0,2,2,1,4,6,1,1.5,2,6,1,1.5,2,6,2,2,2,8,0.375,0.666666667,2,1,0,6,24,2,2,2,8,tl
24,52,0,2.166666667,9,52,0,2.166666667,9,52,1,4.333333333,15,104,0.090277778,0.153846154,1,4,3,19,122,1,6.421052632,12,122,2,6.421052632,12,122,2,11.31578947,21,215,0.337950139,0.860655738,1,2,1,24,456,2,3.210526316,4,61,pdm
24,52,0,2.166666667,9,52,0,2.166666667,9,52,1,4.333333333,15,104,0.090277778,0.153846154,1,4,3,19,122,1,6.421052632,12,122,2,6.421052632,12,122,2,11.31578947,21,215,0.337950139,0.860655738,1,2,1,24,456,2,3.210526316,4,61,pdm
9,28,0,3.111111111,12,28,2,3.111111111,8,28,4,6,14,54,0.345679012,0.357142857,1,4,2,28,212,4,7.571428571,14,212,4,7.571428571,12,212,7,14.07142857,23,394,0.270408163,0.660377358,1,1,0,9,252,2,2,2,56,pdm
436,1336,1,3.064220183,288,1336,0,3.064220183,288,1336,1,6.128440367,289,2672,0.007028028,0.010479042,1,9,8,850,25113,2,29.54470588,153,25113,2,29.54470588,153,25113,4,57.89882353,304,49214,0.034758478,0.930991917,1,1,0,436,370600,2,2.381176471,4,2024,pdm
872,2872,1,3.293577982,288,2872,0,3.293577982,288,2872,1,6.587155963,289,5744,0.003777039,0.009749304,1,17,16,1750,51786,2,29.592,156,51786,2,29.592,160,51786,4,57.97028571,314,101448,0.016909714,0.923415595,1,1,0,872,1526000,2,2.427428571,4,4248,pdm
29,47,0,1.620689655,9,47,0,1.620689655,5,47,1,3.24137931,14,94,0.05588585,0.553191489,5,1,0,39,229,1,5.871794872,21,229,1,5.871794872,12,229,1,10.64102564,31,415,0.150558843,0.668122271,5,0,0,29,1131,2,2.205128205,3,86,pdm
17,20,0,1.176470588,3,20,0,1.176470588,2,20,1,2.352941176,4,40,0.069204152,0.3,1,15,9,11,36,2,3.272727273,5,36,2,3.272727273,4,36,3,5,7,55,0.297520661,0.805555556,1,7,6,17,187,2,2.818181818,3,31,odm
8,11,0,1.375,4,11,0,1.375,3,11,1,2.75,7,22,0.171875,0.181818182,1,5,2,6,24,2,4,6,24,3,4,5,24,4,6.5,8,39,0.666666667,0.625,1,1,0,8,48,2,2.833333333,3,17,ldm
14,20,0,1.428571429,3,20,0,1.428571429,4,20,1,2.857142857,5,40,0.102040816,0.4,1,10,6,10,43,2,4.3,7,43,2,4.3,6,43,3,7.1,11,71,0.43,0.813953488,1,3,2,14,140,2,3,4,30,sdm
12,13,0,1.083333333,2,13,0,1.083333333,2,13,1,2.166666667,4,26,0.090277778,0,1,4,2,8,21,2,2.625,4,21,2,2.625,4,21,3,3.875,6,31,0.328125,0.619047619,1,1,0,12,96,2,2.625,3,21,pdm
8,8,0,1,2,8,0,1,2,8,1,2,3,16,0.125,0,1,4,3,5,11,2,2.2,3,11,2,2.2,3,11,3,3.2,4,16,0.44,0.545454545,1,1,0,8,40,2,2.6,3,13,odm
23,38,0,1.652173913,10,38,0,1.652173913,9,38,2,3.304347826,10,76,0.071833648,0.421052632,5,2,1,31,123,2,3.967741935,8,123,1,3.967741935,9,123,2,6.806451613,14,211,0.127991675,0.821138211,5,5,4,23,713,2,2.225806452,3,69,sdm
13,23,0,1.769230769,5,23,0,1.769230769,4,23,1,3.538461538,7,46,0.136094675,0.173913043,2,1,0,11,49,1,4.454545455,7,49,1,4.454545455,8,49,1,7.363636364,13,81,0.404958678,0.836734694,2,0,0,13,143,2,2.818181818,4,31,odm
6,4,0,0.666666667,1,4,0,0.666666667,1,4,1,1.333333333,2,8,0.111111111,0,2,2,1,4,6,1,1.5,2,6,1,1.5,2,6,2,2,2,8,0.375,0.666666667,2,1,0,6,24,2,2,2,8,pdm
7,8,0,1.142857143,2,8,0,1.142857143,2,8,1,2.285714286,4,16,0.163265306,0.25,2,2,1,6,16,1,2.666666667,5,16,1,2.666666667,3,16,1,4.166666667,6,25,0.444444444,0.6875,2,1,0,7,42,2,2.333333333,3,14,odm
9,24,2,2.666666667,4,24,1,2.666666667,4,24,3,5.333333333,6,48,0.296296296,0.666666667,1,1,0,12,66,3,5.5,12,66,5,5.5,6,66,7,9.666666667,16,116,0.458333333,0.696969697,1,1,0,9,108,3,3,3,36,odm
14,36,2,2.571428571,6,36,1,2.571428571,4,36,3,5.142857143,9,72,0.183673469,0.666666667,1,4,3,18,102,3,5.666666667,15,102,4,5.666666667,7,102,6,10,20,180,0.314814815,0.68627451,1,1,0,14,252,3,3,3,54,odm
5,5,0,1,2,5,0,1,2,5,1,2,3,10,0.2,0,1,3,2,3,7,2,2.333333333,3,7,2,2.333333333,3,7,3,3.333333333,4,10,0.777777778,0.571428571,1,1,0,5,15,2,2.666666667,3,8,odm
19,78,0,4.105263158,18,78,0,4.105263158,12,78,2,8.210526316,26,156,0.216066482,0.153846154,1,3,2,28,336,4,12,18,336,6,12,16,336,9,22.35714286,30,626,0.428571429,0.678571429,1,1,0,19,532,2,3.214285714,4,90,pdm
28,72,0,2.571428571,8,72,0,2.571428571,12,72,1,5,16,140,0.091836735,0.194444444,1,5,4,32,355,2,11.09375,19,355,2,11.09375,21,355,3,20.1875,37,646,0.346679688,0.861971831,1,2,1,28,896,2,3.0625,4,98,pdm
62,77,0,1.241935484,7,77,0,1.241935484,5,77,1,2.483870968,9,154,0.020031217,0.285714286,10,13,7,56,178,1,3.178571429,9,178,1,3.178571429,7,178,1,5.160714286,13,289,0.056760204,0.702247191,10,4,3,62,3472,2,2.339285714,4,131,odm
9,6,0,0.666666667,1,6,0,0.666666667,1,6,1,1.333333333,2,12,0.074074074,0,3,2,1,6,9,1,1.5,2,9,1,1.5,2,9,2,2,2,12,0.25,0.666666667,3,1,0,9,54,2,2,2,12,pdm
38,19,0,0.5,1,19,0,0.5,1,19,1,1,1,38,0.013157895,0,19,1,0,19,19,1,1,1,19,1,1,1,19,1,1,1,19,0.052631579,1,19,0,0,38,722,2,2,2,38,odm
40,20,0,0.5,1,20,0,0.5,1,20,1,1,1,40,0.0125,0,20,1,0,20,20,1,1,1,20,1,1,1,20,1,1,1,20,0.05,1,20,0,0,40,800,2,2,2,40,sdm
14,7,0,0.5,1,7,0,0.5,1,7,1,1,1,14,0.035714286,0,7,1,0,7,7,1,1,1,7,1,1,1,7,1,1,1,7,0.142857143,1,7,0,0,14,98,2,2,2,14,odm
30,47,0,1.566666667,5,47,0,1.566666667,7,47,1,2.9,10,87,0.052222222,0.191489362,1,17,10,25,90,1,3.6,8,90,1,3.6,9,90,2,5.76,14,144,0.144,0.644444444,1,9,7,30,750,2,2.6,5,65,odm
11,8,0,0.727272727,1,8,0,0.727272727,2,8,1,1.454545455,3,16,0.066115702,0,3,4,2,8,15,1,1.875,3,15,1,1.875,3,15,2,2.75,5,22,0.234375,0.666666667,3,2,1,11,88,2,2,2,16,odm
48,97,0,2.020833333,8,97,0,2.020833333,9,97,1,3.958333333,17,190,0.042100694,0.453608247,1,21,12,69,525,2,7.608695652,22,525,2,7.608695652,16,525,4,13.86956522,36,957,0.110270951,0.672380952,1,5,4,48,3312,2,2.405797101,3,166,pdm
13,22,1,1.692307692,3,22,1,1.692307692,4,22,2,3.384615385,6,44,0.130177515,0.909090909,3,5,3,16,68,2,4.25,6,68,3,4.25,5,68,4,7.3125,10,117,0.265625,0.808823529,3,1,0,13,208,2,2.375,3,38,odm
91,174,0,1.912087912,5,174,0,1.912087912,8,174,1,3.824175824,13,348,0.021011955,0.333333333,1,17,12,99,635,2,6.414141414,18,635,1,6.414141414,12,635,2,11.36363636,28,1125,0.064789307,0.681889764,1,7,5,91,9009,2,2.757575758,3,273,odm
64,121,0,1.890625,5,121,0,1.890625,5,121,1,3.78125,9,242,0.029541016,0.363636364,1,7,6,65,389,2,5.984615385,14,389,1,5.984615385,10,389,2,10.44615385,20,679,0.092071006,0.706940874,1,3,2,64,4160,2,2.861538462,3,186,sdm
73,144,0,1.97260274,5,144,0,1.97260274,7,144,1,3.945205479,12,288,0.027021955,0.347222222,1,8,6,82,527,2,6.426829268,17,527,1,6.426829268,11,527,2,11.40243902,26,935,0.078375967,0.681214421,1,3,2,73,5986,2,2.756097561,3,226,odm
28,42,0,1.5,4,42,0,1.5,6,42,1,3,7,84,0.053571429,0.19047619,2,6,5,23,120,1,5.217391304,11,120,3,5.217391304,9,120,4,8.826086957,18,203,0.2268431,0.741666667,2,1,0,28,644,2,2.826086957,4,65,odm
81,150,0,1.851851852,5,150,0,1.851851852,5,150,1,3.703703704,9,300,0.022862369,0.346666667,1,16,12,81,478,2,5.901234568,15,478,1,5.901234568,10,478,2,10.27160494,21,832,0.072854748,0.69874477,1,7,5,81,6561,2,2.851851852,3,231,sdm
28,42,0,1.5,4,42,0,1.5,6,42,1,3,7,84,0.053571429,0.19047619,2,6,5,23,120,1,5.217391304,11,120,3,5.217391304,9,120,4,8.826086957,18,203,0.2268431,0.741666667,2,1,0,28,644,2,2.826086957,4,65,odm
14,16,0,1.142857143,2,16,0,1.142857143,4,16,1,2.285714286,5,32,0.081632653,0,1,6,4,10,48,2,4.8,7,48,1,4.8,8,48,2,8,12,80,0.48,0.875,1,3,2,14,140,2,2.6,3,26,sdm
49,101,0,2.06122449,6,101,0,2.06122449,6,101,1,4.12244898,12,202,0.042065806,0.356435644,1,3,2,51,348,2,6.823529412,18,348,3,6.823529412,12,348,5,12.05882353,27,615,0.133794694,0.692528736,1,1,0,49,2499,2,2.980392157,4,152,sdm
188,370,0,1.968085106,6,370,0,1.968085106,12,370,1,3.936170213,13,740,0.010468538,0.313513514,1,20,17,196,1438,2,7.336734694,18,1438,1,7.336734694,20,1438,2,13.12755102,33,2573,0.03743232,0.710013908,1,4,3,188,36848,2,2.887755102,4,566,sdm
59,109,0,1.847457627,4,109,0,1.847457627,4,109,1,3.694915254,8,218,0.031312841,0.403669725,1,11,8,58,325,2,5.603448276,14,325,2,5.603448276,8,325,4,9.706896552,20,563,0.096611177,0.673846154,1,2,1,59,3422,2,2.879310345,3,167,sdm
266,713,0,2.680451128,40,713,0,2.680451128,38,713,1,5.360902256,78,1426,0.010076884,0.437587658,3,15,12,362,11055,1,30.53867403,88,11055,1,30.53867403,46,11055,1,59.56906077,131,21564,0.084360978,0.532247852,3,2,1,266,96292,2,2.96961326,4,1075,pdm
268,718,0,2.679104478,40,718,0,2.679104478,38,718,1,5.358208955,78,1436,0.009996658,0.43454039,3,16,13,367,11094,1,30.22888283,88,11094,1,30.22888283,46,11094,1,58.95640327,131,21637,0.082367528,0.532990806,3,2,1,268,98356,2,2.95640327,4,1085,pdm
16,31,1,1.9375,4,31,1,1.9375,4,31,2,3.875,8,62,0.12109375,0.387096774,1,1,0,17,89,2,5.235294118,12,89,2,5.235294118,7,89,4,9.058823529,17,154,0.307958478,0.651685393,1,1,0,16,272,2,2.823529412,3,48,sdm
79,176,0,2.227848101,6,176,0,2.227848101,6,176,1,4.455696203,12,352,0.028200609,0.386363636,2,7,6,90,671,1,7.455555556,19,671,1,7.455555556,12,671,1,13.36666667,28,1203,0.082839506,0.651266766,2,2,1,79,7110,2,2.955555556,3,266,odm
108,224,0,2.074074074,6,224,0,2.074074074,9,224,1,4.148148148,12,448,0.01920439,0.357142857,3,15,13,117,880,1,7.521367521,19,880,1,7.521367521,12,880,1,13.51282051,28,1581,0.064285192,0.673863636,3,3,2,108,12636,2,2.914529915,3,341,sdm
270,726,0,2.688888889,40,726,0,2.688888889,38,726,1,5.377777778,78,1452,0.009958848,0.435261708,3,16,13,371,11144,1,30.03773585,88,11144,1,30.03773585,46,11144,1,58.57412399,131,21731,0.080964248,0.533111989,3,2,1,270,100170,2,2.956873315,4,1097,pdm
271,726,0,2.67896679,40,726,0,2.67896679,38,726,1,5.357933579,78,1452,0.009885486,0.435261708,3,16,13,371,10484,1,28.25876011,88,10484,1,28.25876011,46,10484,1,55.01617251,131,20411,0.076169165,0.53519649,3,2,1,271,100541,2,2.956873315,4,1097,pdm
5,4,0,0.8,2,4,0,0.8,2,4,1,1.6,4,8,0.16,0,1,4,1,2,4,2,2,2,4,1,2,3,4,2,2.5,3,5,1,0.75,1,1,0,5,10,3,3,3,6,sdm
5,4,0,0.8,2,4,0,0.8,2,4,1,1.6,4,8,0.16,0,1,4,1,2,4,2,2,2,4,1,2,3,4,2,2.5,3,5,1,0.75,1,1,0,5,10,3,3,3,6,odm
5,4,0,0.8,2,4,0,0.8,2,4,1,1.6,4,8,0.16,0,1,4,1,2,4,2,2,2,4,1,2,3,4,2,2.5,3,5,1,0.75,1,1,0,5,10,3,3,3,6,ldm
5,4,0,0.8,2,4,0,0.8,2,4,1,1.6,4,8,0.16,0,1,4,1,2,4,2,2,2,4,1,2,3,4,2,2.5,3,5,1,0.75,1,1,0,5,10,3,3,3,6,odm
196,385,0,1.964285714,6,385,0,1.964285714,13,385,1,3.928571429,14,770,0.010021866,0.322077922,1,27,21,204,1492,1,7.31372549,18,1492,1,7.31372549,21,1492,2,13.08823529,36,2670,0.035851596,0.707774799,1,6,5,196,39984,2,2.887254902,4,589,odm
200,386,0,1.93,6,386,0,1.93,13,386,1,3.86,14,772,0.00965,0.321243523,1,29,23,206,1485,1,7.208737864,18,1485,1,7.208737864,21,1485,2,12.88834951,36,2655,0.034993873,0.71043771,1,6,5,200,41200,2,2.873786408,4,592,sdm
192,381,0,1.984375,6,381,0,1.984375,12,381,1,3.96875,13,762,0.010335286,0.31496063,1,21,18,202,1497,1,7.410891089,18,1497,1,7.410891089,20,1497,2,13.27722772,34,2682,0.03668758,0.701402806,1,4,3,192,38784,2,2.886138614,4,583,odm
75,148,0,1.973333333,5,148,0,1.973333333,6,148,1,3.946666667,9,296,0.026311111,0.351351351,1,7,6,79,513,1,6.493670886,15,513,1,6.493670886,13,513,2,11.44303797,22,904,0.082198366,0.69785575,1,3,2,75,5925,2,2.873417722,3,227,odm
64,118,0,1.84375,4,118,0,1.84375,5,118,1,3.6875,8,236,0.028808594,0.372881356,1,17,11,63,364,1,5.777777778,15,364,1,5.777777778,9,364,2,10.03174603,21,632,0.091710758,0.681318681,1,8,7,64,4032,2,2.873015873,3,181,sdm
37,56,0,1.513513514,5,56,0,1.513513514,3,56,1,3.027027027,7,112,0.040905771,0.392857143,1,14,12,29,120,2,4.137931034,11,120,2,4.137931034,6,120,3,6.724137931,15,195,0.142687277,0.725,1,3,2,37,1073,2,2.931034483,3,85,sdm
7,8,0,1.142857143,2,8,0,1.142857143,2,8,1,2.285714286,3,16,0.163265306,0,2,1,0,8,20,2,2.5,3,20,1,2.5,3,20,3,4,5,32,0.3125,0.6,2,1,0,7,56,2,2,2,16,tl
