ReactionG_PD_Edges,ReactionG_PD_Vertices,ReactionG_PD_OutDegreeMIN,ReactionG_PD_OutDegreeMAX,ReactionG_PD_OutDegreeMEAN,ReactionG_PD_InDegreeMIN,ReactionG_PD_InDegreeMAX,ReactionG_PD_InDegreeMEAN,ReactionG_PD_TotalDegreeMIN,ReactionG_PD_TotalDegreeMAX,ReactionG_PD_TotalDegreeMEAN,ReactionG_PD_WeakComponents,ReactionG_PUD_UNDIRECTEDArticulationPoints,ReactionG_PUD_UNDIRECTEDBiconnectedComponents,ReactionG_PD_Density,ReactionG_PD_Reciprocity,SpeciesG_PD_Edges,SpeciesG_PD_Vertices,SpeciesG_PD_OutDegreeMIN,SpeciesG_PD_OutDegreeMAX,SpeciesG_PD_OutDegreeMEAN,SpeciesG_PD_InDegreeMIN,SpeciesG_PD_InDegreeMAX,SpeciesG_PD_InDegreeMEAN,SpeciesG_PD_TotalDegreeMIN,SpeciesG_PD_TotalDegreeMAX,SpeciesG_PD_TotalDegreeMEAN,SpeciesG_PD_WeakComponents,SpeciesG_PUD_UNDIRECTEDArticulationPoints,SpeciesG_PUD_UNDIRECTEDBiconnectedComponents,SpeciesG_PD_Density,SpeciesG_PD_Reciprocity,NG_Species_X_Reactions,NG_UpdatesMIN,NG_UpdatesMEAN,NG_UpdatesMAX,NG_UpdatesSUM,NG_StoichiometricUpdatesMIN,NG_StoichiometricUpdatesMEAN,NG_StoichiometricUpdatesMAX,NG_StoichiometricUpdatesSUM,ModelChecker
1,1,1,1,1,1,1,1,1,1,1,1,0,0,1,1,1,2,0,1,0.5,0,1,0.5,1,1,1,1,0,0,0.25,0,2,2,2,2,2,2,2,2,2,MC2
1,1,1,1,1,1,1,1,1,1,1,1,0,0,1,1,1,2,0,1,0.5,0,1,0.5,1,1,1,1,0,0,0.25,0,2,2,2,2,2,2,2,2,2,MC2
3,2,1,2,1.5,1,2,1.5,2,2,2,1,0,0,0.75,0.666666667,2,3,0,1,0.666666667,0,1,0.666666667,1,2,1.333333333,1,1,0,0.222222222,0,6,2,2,2,4,2,2,2,4,MC2
3,2,1,2,1.5,1,2,1.5,2,2,2,1,0,0,0.75,0.666666667,2,3,0,1,0.666666667,0,1,0.666666667,1,2,1.333333333,1,1,0,0.222222222,0,6,2,2,2,4,2,2,2,4,MC2
5,2,2,3,2.5,2,3,2.5,3,4,3.5,1,0,0,1.25,1,4,4,0,2,1,0,2,1,1,4,2,1,1,0,0.25,0.5,8,3,3,3,6,3,3,3,6,MC2
2,2,1,1,1,1,1,1,1,1,1,2,0,0,0.5,1,2,4,0,1,0.5,0,1,0.5,1,1,1,2,0,0,0.125,0,8,2,2,2,4,2,2,2,4,MC2
4,2,1,3,2,2,2,2,2,3,2.5,1,0,0,1,0.75,3,4,0,1,0.75,0,2,0.75,1,3,1.5,1,1,0,0.1875,0,8,2,2.5,3,5,2,2.5,3,5,MC2
9,3,3,3,3,3,3,3,5,5,5,1,0,0,1,1,3,2,1,2,1.5,1,2,1.5,3,3,3,1,0,0,0.75,0.666666667,6,2,2,2,6,2,2,2,6,MRMC
6,3,2,2,2,2,2,2,3,3,3,1,0,0,0.666666667,0.5,3,3,1,1,1,1,1,1,2,2,2,1,0,0,0.333333333,0,9,2,2,2,6,2,2,2,6,MRMC
9,3,3,3,3,3,3,3,5,5,5,1,0,0,1,1,3,4,0,3,0.75,0,1,0.75,1,3,1.5,1,1,0,0.1875,0,12,2,2,2,6,2,2,2,6,MC2
5,3,1,2,1.666666667,1,2,1.666666667,2,3,2.333333333,1,1,0,0.555555556,0.6,3,4,0,1,0.75,0,1,0.75,1,2,1.5,1,2,0,0.1875,0,12,2,2,2,6,2,2,2,6,PLASMA
9,3,2,4,3,2,5,3,3,7,4.666666667,1,1,0,1,0.888888889,6,4,0,3,1.5,0,2,1.5,2,4,3,1,0,0,0.375,0.333333333,12,3,3,3,9,3,3,3,9,MC2
5,3,1,2,1.666666667,1,2,1.666666667,2,3,2.333333333,1,1,0,0.555555556,0.6,3,4,0,1,0.75,0,1,0.75,1,2,1.5,1,2,0,0.1875,0,12,2,2,2,6,2,2,2,6,PLASMA
7,3,2,3,2.333333333,2,3,2.333333333,3,4,3.333333333,1,0,0,0.777777778,0.571428571,5,5,0,2,1,0,2,1,1,3,2,1,2,0,0.2,0,15,2,2.666666667,3,8,2,2.666666667,3,8,PLASMA
12,4,3,3,3,2,4,3,4,6,5,1,0,0,0.75,0.833333333,4,3,1,2,1.333333333,1,2,1.333333333,2,4,2.666666667,1,1,0,0.444444444,1,12,2,2,2,8,2,2,2,8,MRMC
12,4,3,3,3,2,4,3,4,6,5,1,0,0,0.75,0.833333333,4,3,1,2,1.333333333,1,2,1.333333333,2,4,2.666666667,1,1,0,0.444444444,1,12,2,2,2,8,2,2,2,8,MRMC
4,2,1,3,2,2,2,2,2,3,2.5,1,0,0,1,0.75,4,5,0,2,0.8,0,2,0.8,1,4,1.6,1,1,0,0.16,0,10,3,3,3,6,3,3,3,6,MC2
14,3,4,5,4.666666667,4,5,4.666666667,6,8,7.333333333,1,0,0,1.555555556,1,10,6,0,4,1.666666667,0,4,1.666666667,2,6,3.333333333,1,0,0,0.277777778,0.2,18,3,3.666666667,4,11,3,3.666666667,4,11,MC2
12,4,3,3,3,2,4,3,4,6,5,1,0,0,0.75,0.833333333,4,3,1,2,1.333333333,1,2,1.333333333,2,4,2.666666667,1,1,0,0.444444444,1,12,2,2,2,8,2,2,2,8,MRMC
3,3,1,1,1,1,1,1,1,1,1,3,0,0,0.333333333,1,3,6,0,1,0.5,0,1,0.5,1,1,1,3,0,0,0.083333333,0,18,2,2,2,6,2,2,2,6,MC2
12,4,3,3,3,2,4,3,4,6,5,1,0,0,0.75,0.833333333,4,3,1,2,1.333333333,1,2,1.333333333,2,4,2.666666667,1,1,0,0.444444444,1,12,2,2,2,8,2,2,2,8,MRMC
12,4,3,3,3,2,4,3,4,6,5,1,0,0,0.75,0.833333333,4,3,1,2,1.333333333,1,2,1.333333333,2,4,2.666666667,1,1,0,0.444444444,1,12,2,2,2,8,2,2,2,8,MRMC
8,4,1,3,2,2,2,2,2,4,3,1,2,0,0.5,0.75,4,4,0,2,1,0,2,1,2,2,2,1,0,0,0.25,0,16,2,2,2,8,2,2,2,8,MC2
4,2,1,3,2,2,2,2,2,3,2.5,1,0,0,1,0.75,4,5,0,2,0.8,0,2,0.8,1,4,1.6,1,1,0,0.16,0,10,3,3,3,6,3,3,3,6,MC2
4,2,1,3,2,2,2,2,2,3,2.5,1,0,0,1,0.75,4,5,0,2,0.8,0,2,0.8,1,4,1.6,1,1,0,0.16,0,10,3,3,3,6,3,3,3,6,MC2
4,2,1,3,2,2,2,2,2,3,2.5,1,0,0,1,0.75,4,5,0,2,0.8,0,2,0.8,1,4,1.6,1,1,0,0.16,0,10,3,3,3,6,3,3,3,6,MC2
8,3,2,3,2.666666667,1,4,2.666666667,3,5,4,1,0,0,0.888888889,0.75,7,6,0,4,1.166666667,0,3,1.166666667,1,5,2.333333333,1,1,0,0.194444444,0,18,2,3,4,9,2,3,4,9,MC2
24,4,3,8,6,5,9,6,7,13,10,1,0,0,1.5,0.833333333,9,4,0,5,2.25,0,3,2.25,1,7,4,1,1,0,0.5625,0.444444444,16,2,3,4,12,2,3,4,12,MC2
9,4,1,3,2.25,1,4,2.25,2,4,3.5,1,1,0,0.5625,0.666666667,4,4,0,2,1,0,3,1,1,4,2,1,1,0,0.25,0,16,2,2,2,8,2,2,2,8,MC2
10,3,3,4,3.333333333,2,4,3.333333333,4,6,5,1,0,0,1.111111111,0.9,8,5,1,2,1.6,1,2,1.6,2,4,3.2,1,0,0,0.32,0.5,15,3,3.333333333,4,10,3,3.333333333,4,10,PLASMA
7,4,1,2,1.75,1,2,1.75,2,3,2.5,1,2,0,0.4375,0.571428571,4,5,0,1,0.8,0,1,0.8,1,2,1.6,1,3,0,0.16,0,20,2,2,2,8,2,2,2,8,PLASMA
7,4,1,2,1.75,1,2,1.75,2,3,2.5,2,0,0,0.4375,0.857142857,4,5,0,1,0.8,0,1,0.8,1,2,1.6,2,1,0,0.16,0.5,20,2,2,2,8,2,2,2,8,MRMC
19,4,4,5,4.75,4,6,4.75,7,9,7.75,1,0,0,1.1875,0.894736842,7,5,1,3,1.4,0,2,1.4,1,5,2.8,1,2,0,0.28,0.571428571,20,2,2.75,3,11,2,2.75,3,11,MC2
6,4,1,2,1.5,1,2,1.5,2,2,2,2,0,0,0.375,0.666666667,4,6,0,1,0.666666667,0,1,0.666666667,1,2,1.333333333,2,1,0,0.111111111,0,24,2,2,2,8,2,2,2,8,PLASMA
7,4,1,2,1.75,1,2,1.75,2,3,2.5,1,2,0,0.4375,0.571428571,4,5,0,1,0.8,0,1,0.8,1,2,1.6,1,3,0,0.16,0,20,2,2,2,8,2,2,2,8,PLASMA
13,4,2,4,3.25,2,5,3.25,3,7,5,1,1,0,0.8125,0.769230769,7,6,0,2,1.166666667,0,2,1.166666667,1,4,2.333333333,1,3,0,0.194444444,0.285714286,24,2,2.75,3,11,2,2.75,3,11,PLASMA
7,4,1,2,1.75,1,2,1.75,2,3,2.5,1,2,0,0.4375,0.571428571,4,5,0,1,0.8,0,1,0.8,1,2,1.6,1,3,0,0.16,0,20,2,2,2,8,2,2,2,8,PLASMA
6,4,1,2,1.5,1,2,1.5,2,2,2,2,0,0,0.375,0.666666667,4,6,0,1,0.666666667,0,1,0.666666667,1,2,1.333333333,2,1,0,0.111111111,0,24,2,2,2,8,2,2,2,8,MC2
6,4,1,2,1.5,1,2,1.5,2,2,2,2,0,0,0.375,0.666666667,4,6,0,1,0.666666667,0,1,0.666666667,1,2,1.333333333,2,1,0,0.111111111,0,24,2,2,2,8,2,2,2,8,MC2
6,4,1,2,1.5,1,2,1.5,2,2,2,2,0,0,0.375,0.666666667,4,6,0,1,0.666666667,0,1,0.666666667,1,2,1.333333333,2,1,0,0.111111111,0,24,2,2,2,8,2,2,2,8,MC2
18,5,3,4,3.6,2,5,3.6,4,8,6.2,1,0,0,0.72,0.833333333,5,3,1,2,1.666666667,1,3,1.666666667,2,5,3.333333333,1,1,0,0.555555556,0.8,15,2,2,2,10,2,2,2,10,MRMC
6,4,1,2,1.5,1,2,1.5,2,2,2,2,0,0,0.375,0.666666667,4,6,0,1,0.666666667,0,1,0.666666667,1,2,1.333333333,2,1,0,0.111111111,0,24,2,2,2,8,2,2,2,8,MC2
13,5,2,3,2.6,1,3,2.6,3,5,4.2,1,0,0,0.52,0.692307692,5,4,1,2,1.25,0,2,1.25,1,3,2.5,1,1,0,0.3125,0.4,20,2,2,2,10,2,2,2,10,MRMC
13,5,2,3,2.6,1,3,2.6,3,5,4.2,1,0,0,0.52,0.692307692,5,4,1,2,1.25,0,2,1.25,1,3,2.5,1,1,0,0.3125,0.4,20,2,2,2,10,2,2,2,10,MRMC
11,5,1,3,2.2,1,3,2.2,2,5,3.4,1,2,0,0.44,0.636363636,5,5,0,2,1,0,2,1,1,3,2,1,2,0,0.2,0,25,2,2,2,10,2,2,2,10,PLASMA
17,5,2,4,3.4,1,5,3.4,3,8,5.8,1,0,0,0.68,0.764705882,5,4,0,2,1.25,0,3,1.25,1,5,2.5,1,1,0,0.3125,0.4,20,2,2,2,10,2,2,2,10,MRMC
17,5,1,4,3.4,1,4,3.4,4,7,5.8,1,0,0,0.68,0.647058824,5,4,0,3,1.25,0,3,1.25,1,4,2.5,1,2,0,0.3125,0,20,2,2,2,10,2,2,2,10,MC2
12,5,1,4,2.4,2,3,2.4,2,5,3.8,1,2,0,0.48,0.75,5,6,0,2,0.833333333,0,1,0.833333333,1,3,1.666666667,1,3,0,0.138888889,0,30,2,2,2,10,2,2,2,10,MC2
11,5,1,3,2.2,2,3,2.2,3,4,3.4,2,0,0,0.44,0.818181818,5,5,0,2,1,0,2,1,1,3,2,2,1,0,0.2,0.4,25,2,2,2,10,2,2,2,10,MRMC
13,5,2,4,2.6,1,3,2.6,3,6,4.2,1,1,0,0.52,0.692307692,5,5,0,2,1,0,2,1,1,3,2,1,2,0,0.2,0,25,2,2,2,10,2,2,2,10,MC2
10,5,1,3,2,1,3,2,2,4,3,2,0,0,0.4,0.7,5,6,0,2,0.833333333,0,2,0.833333333,1,3,1.666666667,2,1,0,0.138888889,0,30,2,2,2,10,2,2,2,10,MC2
9,5,1,2,1.8,1,2,1.8,2,3,2.6,2,1,0,0.36,0.777777778,5,6,0,1,0.833333333,0,1,0.833333333,1,2,1.666666667,2,2,0,0.138888889,0.4,30,2,2,2,10,2,2,2,10,PLASMA
11,5,1,3,2.2,1,3,2.2,2,5,3.4,1,2,0,0.44,0.636363636,5,6,0,2,0.833333333,0,1,0.833333333,1,3,1.666666667,1,3,0,0.138888889,0,30,2,2,2,10,2,2,2,10,MC2
29,5,3,9,5.8,2,8,5.8,4,14,9.8,1,0,0,1.16,0.793103448,13,5,0,5,2.6,1,5,2.6,3,8,5,1,0,0,0.52,0.230769231,25,2,3.2,4,16,2,3.2,4,16,PLASMA
10,5,1,3,2,1,3,2,2,4,3,2,0,0,0.4,0.7,5,6,0,2,0.833333333,0,2,0.833333333,1,3,1.666666667,2,1,0,0.138888889,0,30,2,2,2,10,2,2,2,10,MC2
8,5,1,2,1.6,1,2,1.6,2,3,2.2,2,0,0,0.32,0.625,5,7,0,1,0.714285714,0,1,0.714285714,1,2,1.428571429,2,1,0,0.102040816,0,35,2,2,2,10,2,2,2,10,MC2
22,6,2,4,3.666666667,2,6,3.666666667,5,9,6.333333333,1,0,0,0.611111111,0.727272727,6,4,0,2,1.5,0,4,1.5,1,6,3,1,1,0,0.375,0.333333333,24,2,2,2,12,2,2,2,12,MRMC
22,6,2,4,3.666666667,2,6,3.666666667,5,9,6.333333333,1,0,0,0.611111111,0.727272727,6,4,0,2,1.5,0,4,1.5,1,6,3,1,1,0,0.375,0.333333333,24,2,2,2,12,2,2,2,12,MRMC
11,5,1,3,2.2,1,5,2.2,1,6,3.2,2,1,0,0.44,0.727272727,6,8,0,2,0.75,0,2,0.75,1,3,1.5,2,3,0,0.09375,0,40,2,2.2,3,11,2,2.2,3,11,MC2
15,5,2,4,3,1,5,3,2,7,4.6,1,2,0,0.6,0.866666667,9,7,0,3,1.285714286,0,4,1.285714286,1,5,2.571428571,1,3,0,0.183673469,0.222222222,35,2,2.6,4,13,2,2.6,4,13,PLASMA
16,6,2,4,2.666666667,2,4,2.666666667,3,5,4.333333333,2,0,0,0.444444444,0.75,6,5,0,2,1.2,0,2,1.2,2,4,2.4,2,1,0,0.24,0.333333333,30,2,2,2,12,2,2,2,12,MRMC
20,4,4,6,5,4,6,5,7,10,8.5,1,0,0,1.25,1,18,9,0,6,2,0,4,2,1,10,4,1,1,0,0.222222222,0.222222222,36,4,4.5,5,18,4,4.5,5,18,MC2
14,6,2,3,2.333333333,1,3,2.333333333,3,4,3.666666667,2,0,0,0.388888889,0.714285714,6,6,0,2,1,0,2,1,1,3,2,2,1,0,0.166666667,0,36,2,2,2,12,2,2,2,12,MC2
25,7,3,4,3.571428571,3,4,3.571428571,5,7,6.142857143,1,0,0,0.510204082,0.76,7,4,1,2,1.75,1,2,1.75,3,4,3.5,1,0,0,0.4375,0.857142857,28,2,2,2,14,2,2,2,14,PLASMA
10,5,1,3,2,1,3,2,2,3,2.6,2,1,0,0.4,0.7,7,9,0,1,0.777777778,0,2,0.777777778,1,3,1.555555556,2,3,0,0.086419753,0,45,2,2.4,3,12,2,2.4,3,12,PLASMA
18,6,1,5,3,2,4,3,2,7,5,1,2,0,0.5,0.777777778,6,6,0,3,1,0,2,1,1,4,2,1,3,0,0.166666667,0,36,2,2,2,12,2,2,2,12,MC2
11,6,1,2,1.833333333,1,2,1.833333333,2,3,2.666666667,3,0,0,0.305555556,0.909090909,6,7,0,1,0.857142857,0,1,0.857142857,1,2,1.714285714,3,1,0,0.12244898,0.666666667,42,2,2,2,12,2,2,2,12,PLASMA
12,6,1,3,2,1,3,2,2,4,3,2,0,0,0.333333333,0.666666667,6,7,0,2,0.857142857,0,2,0.857142857,1,3,1.714285714,2,1,0,0.12244898,0,42,2,2,2,12,2,2,2,12,MC2
12,6,1,3,2,1,3,2,2,4,3,2,0,0,0.333333333,0.666666667,6,7,0,2,0.857142857,0,2,0.857142857,1,3,1.714285714,2,1,0,0.12244898,0,42,2,2,2,12,2,2,2,12,MC2
12,6,1,3,2,1,3,2,2,4,3,2,0,0,0.333333333,0.666666667,6,7,0,2,0.857142857,0,2,0.857142857,1,3,1.714285714,2,1,0,0.12244898,0,42,2,2,2,12,2,2,2,12,MC2
16,6,1,3,2.666666667,1,5,2.666666667,1,6,4.166666667,2,0,0,0.444444444,0.6875,8,7,0,2,1.142857143,0,2,1.142857143,1,4,2.285714286,2,1,0,0.163265306,0.25,42,2,2.333333333,3,14,2,2.333333333,3,14,PLASMA
16,5,2,4,3.2,2,5,3.2,3,6,4.8,1,0,0,0.64,0.625,9,8,0,2,1.125,0,2,1.125,1,3,2.25,1,2,0,0.140625,0,40,2,2.8,3,14,2,2.8,3,14,PLASMA
10,6,1,2,1.666666667,1,2,1.666666667,2,3,2.333333333,3,0,0,0.277777778,0.8,6,8,0,1,0.75,0,1,0.75,1,2,1.5,3,0,0,0.09375,0.333333333,48,2,2,2,12,2,2,2,12,PLASMA
33,7,4,5,4.714285714,2,9,4.714285714,5,12,8.285714286,1,0,0,0.673469388,0.727272727,9,5,1,3,1.8,1,4,1.8,2,7,3.6,1,2,0,0.36,0.888888889,35,2,2.285714286,3,16,2,2.285714286,3,16,PLASMA
9,6,1,2,1.5,1,2,1.5,2,2,2,3,0,0,0.25,0.666666667,6,9,0,1,0.666666667,0,1,0.666666667,1,2,1.333333333,3,1,0,0.074074074,0,54,2,2,2,12,2,2,2,12,MC2
9,6,1,2,1.5,1,2,1.5,2,2,2,3,0,0,0.25,0.666666667,6,9,0,1,0.666666667,0,1,0.666666667,1,2,1.333333333,3,1,0,0.074074074,0,54,2,2,2,12,2,2,2,12,MC2
9,6,1,2,1.5,1,2,1.5,2,2,2,3,0,0,0.25,0.666666667,6,9,0,1,0.666666667,0,1,0.666666667,1,2,1.333333333,3,1,0,0.074074074,0,54,2,2,2,12,2,2,2,12,MC2
11,5,2,3,2.2,2,3,2.2,3,4,3.2,1,0,0,0.44,0.545454545,8,8,0,2,1,0,2,1,1,3,2,1,3,0,0.125,0,40,2,2.6,3,13,2,2.6,3,13,PLASMA
38,8,4,5,4.75,2,8,4.75,5,12,8.5,1,0,0,0.59375,0.736842105,8,4,1,3,2,1,5,2,2,8,4,1,1,0,0.5,0.75,32,2,2,2,16,2,2,2,16,PLASMA
24,6,2,6,4,4,4,4,5,8,6.5,1,0,0,0.666666667,0.625,9,6,0,3,1.5,1,2,1.5,1,4,2.5,1,3,0,0.25,0.333333333,36,2,2.5,3,15,2,2.5,3,15,PLASMA
9,6,1,2,1.5,1,2,1.5,2,2,2,3,0,0,0.25,0.666666667,6,9,0,1,0.666666667,0,1,0.666666667,1,2,1.333333333,3,1,0,0.074074074,0,54,2,2,2,12,2,2,2,12,MC2
22,7,2,4,3.142857143,2,5,3.142857143,3,8,5.285714286,2,0,0,0.448979592,0.863636364,7,5,1,2,1.4,1,3,1.4,2,5,2.8,2,1,0,0.28,0.857142857,35,2,2,2,14,2,2,2,14,PLASMA
23,7,1,4,3.285714286,1,6,3.285714286,1,9,5.571428571,2,0,0,0.469387755,0.739130435,7,6,0,2,1.166666667,0,4,1.166666667,1,6,2.333333333,2,1,0,0.194444444,0.285714286,42,2,2,2,14,2,2,2,14,MRMC
20,7,1,4,2.857142857,1,5,2.857142857,2,8,4.714285714,2,0,0,0.408163265,0.75,7,7,0,2,1,0,3,1,1,5,2,2,1,0,0.142857143,0.285714286,49,2,2,2,14,2,2,2,14,MC2
15,7,2,3,2.142857143,1,3,2.142857143,3,4,3.285714286,3,0,0,0.306122449,0.866666667,7,7,0,2,1,0,2,1,1,3,2,3,1,0,0.142857143,0.571428571,49,2,2,2,14,2,2,2,14,PLASMA
16,6,2,3,2.666666667,2,5,2.666666667,3,6,3.833333333,1,1,0,0.444444444,0.5625,11,10,0,2,1.1,0,3,1.1,1,4,2.2,1,3,0,0.11,0,60,2,2.833333333,3,17,2,2.833333333,3,17,PLASMA
27,8,3,4,3.375,1,4,3.375,3,7,5.75,1,0,0,0.421875,0.592592593,8,5,1,2,1.6,0,3,1.6,1,4,3.2,1,1,0,0.32,0.25,40,2,2,2,16,2,2,2,16,PLASMA
16,6,2,3,2.666666667,2,5,2.666666667,3,6,3.833333333,1,1,0,0.444444444,0.5625,11,10,0,2,1.1,0,3,1.1,1,4,2.2,1,3,0,0.11,0,60,2,2.833333333,3,17,2,2.833333333,3,17,PLASMA
24,8,1,5,3,2,4,3,2,8,5,1,4,0,0.375,0.833333333,8,6,0,4,1.333333333,0,4,1.333333333,2,4,2.666666667,1,0,0,0.222222222,0,48,2,2,2,16,2,2,2,16,PLASMA
13,7,1,3,1.857142857,1,3,1.857142857,2,4,2.714285714,3,0,0,0.265306122,0.692307692,7,9,0,2,0.777777778,0,2,0.777777778,1,3,1.555555556,3,1,0,0.086419753,0,63,2,2,2,14,2,2,2,14,MC2
13,7,1,3,1.857142857,1,3,1.857142857,2,4,2.714285714,3,0,0,0.265306122,0.692307692,7,9,0,2,0.777777778,0,2,0.777777778,1,3,1.555555556,3,1,0,0.086419753,0,63,2,2,2,14,2,2,2,14,MC2
25,8,2,4,3.125,1,5,3.125,3,8,5.25,2,0,0,0.390625,0.8,8,6,0,2,1.333333333,0,3,1.333333333,1,5,2.666666667,2,1,0,0.222222222,0.5,48,2,2,2,16,2,2,2,16,PLASMA
34,6,4,7,5.666666667,4,7,5.666666667,7,12,9.5,1,0,0,0.944444444,0.852941176,14,8,0,4,1.75,0,4,1.75,2,7,3.5,1,0,0,0.21875,0.428571429,48,3,3.166666667,4,19,3,3.166666667,4,19,PLASMA
17,7,1,4,2.428571429,2,3,2.428571429,2,6,3.857142857,2,2,0,0.346938776,0.882352941,8,7,0,4,1.142857143,0,3,1.142857143,1,4,2.285714286,1,1,0,0.163265306,0,49,2,2.142857143,3,15,2,2.142857143,3,15,PLASMA
16,8,2,2,2,2,2,2,3,3,3,4,0,0,0.25,1,8,8,1,1,1,1,1,1,2,2,2,4,0,0,0.125,1,64,2,2,2,16,2,2,2,16,PLASMA
17,8,1,3,2.125,1,3,2.125,2,5,3.25,1,5,0,0.265625,0.588235294,8,9,0,2,0.888888889,0,1,0.888888889,1,3,1.777777778,1,6,0,0.098765432,0,72,2,2,2,16,2,2,2,16,PLASMA
20,8,1,3,2.5,2,3,2.5,3,5,4,2,0,0,0.3125,0.6,8,7,0,2,1.142857143,0,2,1.142857143,1,3,2.285714286,2,0,0,0.163265306,0,56,2,2,2,16,2,2,2,16,PLASMA
18,7,1,4,2.571428571,1,4,2.571428571,2,6,3.857142857,2,1,0,0.367346939,0.722222222,10,10,0,2,1,0,2,1,1,4,2,2,2,0,0.1,0.2,70,2,2.428571429,3,17,2,2.428571429,3,17,PLASMA
13,7,1,2,1.857142857,1,3,1.857142857,1,3,2.571428571,3,0,0,0.265306122,0.615384615,8,10,0,1,0.8,0,2,0.8,1,2,1.6,3,0,0,0.08,0,70,2,2.142857143,3,15,2,2.142857143,3,15,PLASMA
19,8,1,4,2.375,1,4,2.375,2,5,3.75,3,0,0,0.296875,0.736842105,8,8,0,2,1,0,2,1,1,4,2,3,1,0,0.125,0.25,64,2,2,2,16,2,2,2,16,PLASMA
48,8,5,7,6,2,10,6,6,15,10.5,1,0,0,0.75,0.708333333,16,9,0,4,1.777777778,0,4,1.777777778,2,8,3.555555556,1,0,0,0.197530864,0.5,72,3,3,3,24,3,3,3,24,PLASMA
27,7,1,5,3.857142857,2,5,3.857142857,2,8,6.142857143,1,1,0,0.551020408,0.851851852,23,11,0,6,2.090909091,0,5,2.090909091,1,6,4.181818182,1,1,0,0.190082645,0,77,2,3.571428571,5,25,2,3.571428571,5,25,MC2
29,9,2,5,3.222222222,2,6,3.222222222,3,9,5.333333333,1,0,0,0.358024691,0.75862069,11,7,1,3,1.571428571,1,3,1.571428571,2,4,3.142857143,1,0,0,0.224489796,0.545454545,63,2,2.222222222,3,20,2,2.222222222,3,20,PLASMA
7,7,1,1,1,1,1,1,1,1,1,7,0,0,0.142857143,1,7,14,0,1,0.5,0,1,0.5,1,1,1,7,0,0,0.035714286,0,98,2,2,2,14,2,2,2,14,MC2
29,9,1,4,3.222222222,2,6,3.222222222,3,9,5.444444444,2,0,0,0.358024691,0.724137931,9,7,0,2,1.285714286,0,4,1.285714286,1,6,2.571428571,2,1,0,0.183673469,0.222222222,63,2,2,2,18,2,2,2,18,MC2
56,10,4,8,5.6,2,7,5.6,6,14,10.2,1,0,0,0.56,0.75,10,5,0,4,2,1,3,2,2,7,4,1,2,0,0.4,0.6,50,2,2,2,20,2,2,2,20,PLASMA
30,8,2,5,3.75,1,7,3.75,3,10,6.375,1,0,0,0.46875,0.7,10,8,0,3,1.25,0,2,1.25,1,5,2.5,1,3,0,0.15625,0.4,64,2,2.25,3,18,2,2.25,3,18,PLASMA
32,8,2,6,4,1,8,4,3,11,6.875,1,0,0,0.5,0.65625,11,8,0,4,1.375,0,3,1.375,1,5,2.75,1,2,0,0.171875,0.363636364,64,2,2.375,3,19,2,2.375,3,19,PLASMA
17,8,1,3,2.125,1,3,2.125,2,4,3.25,3,0,0,0.265625,0.705882353,8,11,0,2,0.727272727,0,1,0.727272727,1,3,1.454545455,3,1,0,0.066115702,0,88,2,2,2,16,2,2,2,16,MC2
23,8,2,4,2.875,1,6,2.875,2,7,4.5,2,1,0,0.359375,0.695652174,10,11,0,2,0.909090909,0,3,0.909090909,1,4,1.818181818,2,3,0,0.082644628,0,88,2,2.25,4,18,2,2.25,4,18,PLASMA
23,8,2,4,2.875,1,6,2.875,2,7,4.5,2,1,0,0.359375,0.695652174,10,11,0,2,0.909090909,0,3,0.909090909,1,4,1.818181818,2,3,0,0.082644628,0,88,2,2.25,4,18,2,2.25,4,18,PLASMA
15,8,1,3,1.875,1,3,1.875,2,5,2.75,3,1,0,0.234375,0.666666667,8,11,0,2,0.727272727,0,1,0.727272727,1,3,1.454545455,3,2,0,0.066115702,0,88,2,2,2,16,2,2,2,16,PLASMA
41,8,2,8,5.125,1,9,5.125,2,15,8.875,1,1,0,0.640625,0.707317073,13,10,0,4,1.3,0,2,1.3,1,6,2.6,1,5,0,0.13,0.153846154,80,2,2.625,3,21,2,2.625,3,21,PLASMA
35,10,2,5,3.5,1,5,3.5,3,8,6,1,0,0,0.35,0.628571429,10,6,1,3,1.666666667,0,4,1.666666667,1,5,3.333333333,1,1,0,0.277777778,0.2,60,2,2,2,20,2,2,2,20,PLASMA
38,10,3,5,3.8,2,5,3.8,4,9,6.6,1,0,0,0.38,0.736842105,10,6,1,3,1.666666667,1,2,1.666666667,2,5,3.333333333,1,2,0,0.277777778,0.8,60,2,2,2,20,2,2,2,20,PLASMA
21,7,1,5,3,2,5,3,2,8,4.571428571,1,3,0,0.428571429,0.761904762,10,10,0,3,1,0,2,1,1,3,2,1,5,0,0.1,0,70,2,2.428571429,3,17,2,2.428571429,3,17,PLASMA
32,8,2,6,4,2,7,4,4,9,6.5,1,0,0,0.5,0.625,14,9,0,3,1.555555556,0,3,1.555555556,1,5,3.111111111,1,1,0,0.172839506,0,72,2,2.75,3,22,2,2.75,3,22,PLASMA
30,9,1,7,3.333333333,2,5,3.333333333,2,10,5.333333333,1,2,0,0.37037037,0.8,17,10,0,4,1.7,0,4,1.7,2,5,3.4,1,0,0,0.17,0.117647059,90,2,2.666666667,4,24,2,2.666666667,4,24,PLASMA
35,8,1,6,4.375,3,6,4.375,3,10,7.125,1,0,0,0.546875,0.714285714,16,9,0,3,1.777777778,0,4,1.777777778,2,5,3.555555556,1,0,0,0.197530864,0.125,72,2,2.875,4,23,2,2.875,4,23,PLASMA
36,10,2,4,3.6,1,5,3.6,3,8,6.2,2,0,0,0.36,0.777777778,10,8,0,3,1.25,0,3,1.25,1,5,2.5,2,1,0,0.15625,0.4,80,2,2,2,20,2,2,2,20,PLASMA
28,10,2,3,2.8,2,4,2.8,3,6,4.6,3,0,0,0.28,0.857142857,10,8,1,2,1.25,1,2,1.25,2,4,2.5,3,0,0,0.15625,1,80,2,2,2,20,2,2,2,20,PLASMA
21,8,2,4,2.625,2,4,2.625,3,6,3.875,1,0,0,0.328125,0.619047619,13,12,0,2,1.083333333,0,2,1.083333333,1,4,2.166666667,1,2,0,0.090277778,0,96,2,2.625,3,21,2,2.625,3,21,PLASMA
16,9,1,3,1.777777778,1,3,1.777777778,2,4,2.555555556,4,0,0,0.197530864,0.6875,9,12,0,2,0.75,0,2,0.75,1,3,1.5,4,1,0,0.0625,0,108,2,2,2,18,2,2,2,18,MC2
28,10,1,4,2.8,1,5,2.8,2,8,4.6,3,0,0,0.28,0.785714286,10,9,0,2,1.111111111,0,3,1.111111111,1,5,2.222222222,3,1,0,0.12345679,0.4,90,2,2,2,20,2,2,2,20,PLASMA
26,8,1,5,3.25,1,7,3.25,1,9,5.25,2,1,0,0.40625,0.692307692,13,11,0,3,1.181818182,0,2,1.181818182,1,5,2.363636364,2,3,0,0.107438017,0.153846154,88,2,2.625,4,21,2,2.625,4,21,PLASMA
44,9,2,8,4.888888889,4,6,4.888888889,5,12,8.222222222,1,0,0,0.543209877,0.681818182,14,8,0,5,1.75,1,3,1.75,1,6,2.875,1,4,0,0.21875,0.5,72,2,2.555555556,3,23,2,2.555555556,3,23,PLASMA
17,8,1,3,2.125,1,4,2.125,1,5,3.125,2,0,0,0.265625,0.529411765,11,11,0,2,1,0,2,1,1,3,2,2,1,0,0.090909091,0,88,2,2.375,3,19,2,2.375,3,19,PLASMA
24,6,3,5,4,2,6,4,4,8,6.5,1,0,0,0.666666667,0.625,11,8,0,3,1.375,0,4,1.375,1,7,2.75,1,2,0,0.171875,0.181818182,48,2,2.833333333,3,17,2,2.833333333,3,17,PLASMA
31,11,1,4,2.818181818,2,4,2.818181818,2,6,4.636363636,1,1,0,0.256198347,0.548387097,11,9,0,2,1.222222222,1,2,1.222222222,1,4,2.444444444,1,2,0,0.135802469,0,99,2,2,2,22,2,2,2,22,PLASMA
27,10,2,4,2.7,1,4,2.7,3,6,4.4,3,0,0,0.27,0.740740741,10,9,0,3,1.111111111,0,3,1.111111111,1,4,2.222222222,3,1,0,0.12345679,0,90,2,2,2,20,2,2,2,20,MC2
22,10,1,5,2.2,1,6,2.2,2,9,3.3,3,1,0,0.22,0.681818182,11,10,0,2,1.1,0,5,1.1,1,5,2.2,1,5,0,0.11,0,100,2,2.1,3,21,2,2.1,3,21,PLASMA
22,10,1,5,2.2,1,6,2.2,2,9,3.3,3,1,0,0.22,0.681818182,11,10,0,2,1.1,0,5,1.1,1,5,2.2,1,5,0,0.11,0,100,2,2.1,3,21,2,2.1,3,21,PLASMA
31,10,1,6,3.1,1,7,3.1,2,11,5,1,3,0,0.31,0.709677419,13,13,0,3,1,0,3,1,1,5,2,1,5,0,0.076923077,0.153846154,130,2,2.3,3,23,2,2.3,3,23,PLASMA
18,10,1,3,1.8,1,3,1.8,2,4,2.6,4,0,0,0.18,0.666666667,10,13,0,2,0.769230769,0,2,0.769230769,1,3,1.538461538,4,1,0,0.059171598,0,130,2,2,2,20,2,2,2,20,PLASMA
25,9,2,4,2.777777778,2,5,2.777777778,3,7,4.222222222,1,4,0,0.308641975,0.72,15,12,0,2,1.25,0,3,1.25,1,4,2.5,1,3,0,0.104166667,0.133333333,108,2,2.666666667,3,24,2,2.666666667,3,24,PLASMA
24,10,1,3,2.4,1,3,2.4,2,5,3.8,1,2,0,0.24,0.583333333,10,10,0,2,1,0,2,1,1,3,2,1,6,0,0.1,0,100,2,2,2,20,2,2,2,20,PLASMA
53,9,4,8,5.888888889,2,8,5.888888889,5,14,10,1,0,0,0.654320988,0.830188679,20,11,0,5,1.818181818,0,4,1.818181818,2,7,3.636363636,1,0,0,0.165289256,0.5,99,3,3.111111111,4,28,3,3.111111111,4,28,PLASMA
60,12,4,6,5,2,8,5,5,13,9,1,0,0,0.416666667,0.6,12,6,1,3,2,1,5,2,2,8,4,1,0,0,0.333333333,0.166666667,72,2,2,2,24,2,2,2,24,PLASMA
38,10,2,5,3.8,1,5,3.8,4,9,6.6,2,0,0,0.38,0.789473684,10,8,0,3,1.25,0,2,1.25,1,5,2.5,2,2,0,0.15625,0.4,80,2,2,2,20,2,2,2,20,PLASMA
40,10,2,5,4,2,8,4,3,11,6.6,1,0,0,0.4,0.6,18,11,1,2,1.636363636,1,2,1.636363636,2,4,3.272727273,1,0,0,0.148760331,0.222222222,110,2,2.8,3,28,2,2.8,3,28,PLASMA
34,11,1,5,3.090909091,1,6,3.090909091,2,10,5.181818182,3,0,0,0.280991736,0.676470588,11,11,0,3,1,0,3,1,1,6,2,3,1,0,0.090909091,0.363636364,121,2,2,2,22,2,2,2,22,PLASMA
54,9,4,8,6,2,9,6,6,15,10.22222222,1,0,0,0.666666667,0.777777778,21,11,0,5,1.909090909,0,4,1.909090909,2,7,3.818181818,1,0,0,0.173553719,0.285714286,99,3,3.222222222,4,29,3,3.222222222,4,29,PLASMA
26,11,1,4,2.363636364,1,4,2.363636364,2,6,3.727272727,3,2,0,0.214876033,0.653846154,11,12,0,2,0.916666667,0,3,0.916666667,1,4,1.833333333,3,2,0,0.076388889,0,132,2,2,2,22,2,2,2,22,MC2
9,9,1,1,1,1,1,1,1,1,1,9,0,0,0.111111111,1,9,18,0,1,0.5,0,1,0.5,1,1,1,9,0,0,0.027777778,0,162,2,2,2,18,2,2,2,18,MC2
32,11,2,4,2.909090909,2,4,2.909090909,3,6,4.636363636,1,0,0,0.26446281,0.59375,18,12,0,4,1.5,0,4,1.5,1,4,3,1,1,0,0.125,0,132,2,2.454545455,4,27,2,2.454545455,4,27,PLASMA
32,11,2,4,2.909090909,2,4,2.909090909,3,6,4.636363636,1,0,0,0.26446281,0.59375,18,12,0,4,1.5,0,4,1.5,1,4,3,1,1,0,0.125,0,132,2,2.454545455,4,27,2,2.454545455,4,27,PLASMA
34,11,1,6,3.090909091,1,6,3.090909091,2,10,5,1,2,0,0.280991736,0.558823529,16,12,0,3,1.333333333,0,3,1.333333333,1,5,2.666666667,1,5,0,0.111111111,0,132,2,2.363636364,4,26,2,2.363636364,4,26,PLASMA
37,11,1,6,3.363636364,1,7,3.363636364,1,11,5.454545455,2,4,0,0.305785124,0.864864865,20,12,0,4,1.666666667,0,8,1.666666667,1,8,3.333333333,1,3,0,0.138888889,0.2,132,2,2.545454545,4,28,2,2.545454545,4,28,PLASMA
49,11,1,7,4.454545455,2,8,4.454545455,2,13,7.727272727,1,1,0,0.404958678,0.795918367,17,11,0,5,1.545454545,1,3,1.545454545,1,6,3.090909091,1,2,0,0.140495868,0.235294118,121,2,2.545454545,3,28,2,2.545454545,3,28,PLASMA
30,12,1,4,2.5,1,4,2.5,2,6,4,4,0,0,0.208333333,0.733333333,12,12,0,3,1,0,3,1,1,4,2,4,1,0,0.083333333,0,144,2,2,2,24,2,2,2,24,PLASMA
30,12,1,4,2.5,1,4,2.5,2,6,4,4,0,0,0.208333333,0.733333333,12,12,0,3,1,0,3,1,1,4,2,4,1,0,0.083333333,0,144,2,2,2,24,2,2,2,24,PLASMA
23,11,1,4,2.090909091,1,4,2.090909091,2,5,3.181818182,4,0,0,0.190082645,0.652173913,11,13,0,2,0.846153846,0,2,0.846153846,1,4,1.692307692,4,1,0,0.065088757,0,143,2,2,2,22,2,2,2,22,PLASMA
36,11,2,5,3.272727273,1,6,3.272727273,3,8,5.272727273,1,2,0,0.297520661,0.666666667,16,13,0,2,1.230769231,0,2,1.230769231,1,4,2.461538462,1,6,0,0.094674556,0.25,143,2,2.454545455,3,27,2,2.454545455,3,27,PLASMA
36,11,2,5,3.272727273,1,6,3.272727273,3,8,5.272727273,1,2,0,0.297520661,0.666666667,16,13,0,2,1.230769231,0,2,1.230769231,1,4,2.461538462,1,6,0,0.094674556,0.25,143,2,2.454545455,3,27,2,2.454545455,3,27,PLASMA
66,12,5,6,5.5,3,12,5.5,7,16,9.666666667,1,0,0,0.458333333,0.696969697,24,9,1,4,2.666666667,2,4,2.666666667,3,6,5.333333333,1,0,0,0.296296296,0.666666667,108,3,3,3,36,3,3,3,36,PLASMA
57,11,2,9,5.181818182,1,11,5.181818182,2,17,9,1,1,0,0.47107438,0.649122807,26,13,0,6,2,0,6,2,1,11,4,1,5,0,0.153846154,0.076923077,143,2,3,4,33,2,3,4,33,PLASMA
44,11,2,5,4,2,7,4,4,10,6.545454545,1,0,0,0.363636364,0.590909091,19,14,0,2,1.357142857,0,3,1.357142857,1,5,2.714285714,1,5,0,0.096938776,0,154,2,2.727272727,3,30,2,2.727272727,3,30,PLASMA
26,9,1,6,2.888888889,2,6,2.888888889,2,8,4.555555556,1,2,0,0.320987654,0.576923077,16,12,0,4,1.333333333,1,2,1.333333333,1,5,2.666666667,1,5,0,0.111111111,0.125,108,2,2.777777778,5,25,2,2.777777778,5,25,PLASMA
43,12,1,8,3.583333333,1,10,3.583333333,2,15,6,2,1,0,0.298611111,0.697674419,14,13,0,4,1.076923077,0,2,1.076923077,1,6,2.153846154,2,4,0,0.082840237,0.285714286,156,2,2.166666667,3,26,2,2.166666667,3,26,PLASMA
43,12,1,8,3.583333333,1,10,3.583333333,2,15,6,2,1,0,0.298611111,0.697674419,14,13,0,4,1.076923077,0,2,1.076923077,1,6,2.153846154,2,4,0,0.082840237,0.285714286,156,2,2.166666667,3,26,2,2.166666667,3,26,PLASMA
44,10,2,7,4.4,2,6,4.4,3,11,7.2,1,0,0,0.44,0.727272727,27,14,0,6,1.928571429,0,6,1.928571429,1,6,3.857142857,1,1,0,0.137755102,0,140,2,3.3,4,33,2,3.3,4,33,PLASMA
54,12,2,8,4.5,1,8,4.5,3,13,7.833333333,1,0,0,0.375,0.703703704,15,10,0,5,1.5,0,4,1.5,1,8,3,1,3,0,0.15,0.4,120,2,2.25,3,27,2,2.25,3,27,PLASMA
49,11,1,8,4.454545455,1,7,4.454545455,1,13,7.363636364,2,0,0,0.404958678,0.836734694,23,13,0,4,1.769230769,0,5,1.769230769,1,7,3.538461538,2,0,0,0.136094675,0.173913043,143,2,2.818181818,4,31,2,2.818181818,4,31,PLASMA
28,10,2,3,2.8,2,4,2.8,3,5,4.1,1,0,0,0.28,0.535714286,20,17,0,2,1.176470588,0,2,1.176470588,1,4,2.352941176,1,5,0,0.069204152,0,170,3,3,3,30,3,3,3,30,PLASMA
18,12,1,2,1.5,1,2,1.5,2,2,2,6,0,0,0.125,0.666666667,12,13,0,1,0.923076923,0,6,0.923076923,1,6,1.846153846,1,7,0,0.071005917,0,156,2,2,2,24,2,2,2,24,PLASMA
18,12,1,2,1.5,1,2,1.5,2,2,2,6,0,0,0.125,0.666666667,12,13,0,1,0.923076923,0,6,0.923076923,1,6,1.846153846,1,7,0,0.071005917,0,156,2,2,2,24,2,2,2,24,PLASMA
25,9,2,4,2.777777778,2,4,2.777777778,3,6,4.222222222,1,1,0,0.308641975,0.72,22,15,0,3,1.466666667,0,3,1.466666667,2,6,2.933333333,1,1,0,0.097777778,0.181818182,135,2,3,5,27,2,3,5,27,PLASMA
28,12,1,3,2.333333333,1,3,2.333333333,1,5,3.666666667,4,3,0,0.194444444,0.857142857,12,12,0,2,1,0,2,1,1,3,2,4,4,0,0.083333333,0.5,144,2,2,2,24,2,2,2,24,PLASMA
48,13,1,8,3.692307692,1,11,3.692307692,2,17,6.307692308,3,0,0,0.284023669,0.708333333,15,13,0,4,1.153846154,0,3,1.153846154,1,6,2.307692308,3,3,0,0.088757396,0.266666667,169,2,2.153846154,3,28,2,2.153846154,3,28,PLASMA
24,12,1,3,2,1,3,2,2,5,2.916666667,5,0,0,0.166666667,0.791666667,13,16,0,2,0.8125,0,2,0.8125,1,3,1.625,5,1,0,0.05078125,0.307692308,192,2,2.083333333,3,25,2,2.083333333,3,25,PLASMA
56,13,3,9,4.307692308,1,12,4.307692308,4,19,7.538461538,1,0,0,0.331360947,0.642857143,15,11,0,3,1.363636364,0,3,1.363636364,1,6,2.727272727,1,3,0,0.123966942,0.266666667,143,2,2.153846154,3,28,2,2.153846154,3,28,PLASMA
29,12,1,5,2.416666667,1,7,2.416666667,2,10,3.75,4,0,0,0.201388889,0.724137931,13,15,0,2,0.866666667,0,3,0.866666667,1,5,1.733333333,4,1,0,0.057777778,0.153846154,180,2,2.083333333,3,25,2,2.083333333,3,25,PLASMA
18,12,1,2,1.5,1,2,1.5,2,2,2,6,0,0,0.125,0.666666667,12,18,0,1,0.666666667,0,1,0.666666667,1,2,1.333333333,6,1,0,0.037037037,0,216,2,2,2,24,2,2,2,24,PLASMA
52,13,2,8,4,1,8,4,2,14,6.692307692,1,1,0,0.307692308,0.711538462,21,13,0,5,1.615384615,0,5,1.615384615,1,6,3.230769231,1,4,0,0.124260355,0.095238095,169,2,2.461538462,4,32,2,2.461538462,4,32,PLASMA
31,13,1,4,2.384615385,1,5,2.384615385,1,7,3.692307692,5,1,0,0.183431953,0.838709677,14,14,0,2,1,0,3,1,1,4,2,5,2,0,0.071428571,0.571428571,182,2,2.076923077,3,27,2,2.076923077,3,27,PLASMA
47,10,2,8,4.7,2,11,4.7,3,16,7.6,1,0,0,0.47,0.680851064,41,20,0,6,2.05,0,7,2.05,1,11,4.1,1,2,0,0.1025,0.146341463,200,2,3.9,6,39,2,3.9,6,39,PLASMA
25,13,1,3,1.923076923,1,3,1.923076923,1,5,2.846153846,3,7,0,0.147928994,0.6,13,16,0,2,0.8125,0,2,0.8125,1,3,1.625,3,8,0,0.05078125,0,208,2,2,2,26,2,2,2,26,PLASMA
52,14,2,6,3.714285714,1,5,3.714285714,2,10,6.285714286,1,1,0,0.265306122,0.615384615,22,13,0,6,1.692307692,0,4,1.692307692,1,7,3.384615385,1,2,0,0.130177515,0,182,2,2.428571429,4,34,2,2.428571429,4,34,PLASMA
28,13,1,4,2.153846154,1,4,2.153846154,2,6,3.307692308,4,1,0,0.165680473,0.607142857,13,16,0,2,0.8125,0,2,0.8125,1,4,1.625,4,3,0,0.05078125,0,208,2,2,2,26,2,2,2,26,PLASMA
72,12,3,12,6,1,11,6,3,20,10.16666667,1,0,0,0.5,0.861111111,46,16,0,7,2.875,0,7,2.875,1,10,5.75,1,2,0,0.1796875,0.217391304,192,2,3.583333333,6,43,2,3.583333333,6,43,PLASMA
43,14,1,5,3.071428571,1,4,3.071428571,2,8,5.142857143,2,2,0,0.219387755,0.744186047,14,15,0,3,0.933333333,0,2,0.933333333,1,4,1.866666667,2,3,0,0.062222222,0,210,2,2,2,28,2,2,2,28,PLASMA
60,15,2,7,4,2,5,4,3,11,6.866666667,1,0,0,0.266666667,0.616666667,23,13,0,6,1.769230769,0,4,1.769230769,1,7,3.538461538,1,1,0,0.136094675,0,195,2,2.4,4,36,2,2.4,4,36,PLASMA
39,14,1,5,2.785714286,1,5,2.785714286,2,9,4.571428571,4,0,0,0.198979592,0.717948718,14,16,0,3,0.875,0,2,0.875,1,5,1.75,4,1,0,0.0546875,0.285714286,224,2,2,2,28,2,2,2,28,PLASMA
90,16,2,8,5.625,2,11,5.625,4,17,9.6875,1,0,0,0.3515625,0.633333333,27,10,0,4,2.7,2,4,2.7,3,7,4.8,1,0,0,0.27,0.592592593,160,2,2.6875,3,43,2,2.6875,3,43,PLASMA
39,15,1,4,2.6,1,5,2.6,2,8,4.2,4,0,0,0.173333333,0.692307692,15,16,0,2,0.9375,0,3,0.9375,1,5,1.875,4,1,0,0.05859375,0.133333333,240,2,2,2,30,2,2,2,30,PLASMA
51,17,1,4,3,2,4,3,3,7,5,1,0,0,0.176470588,0.568627451,17,12,0,2,1.416666667,0,2,1.416666667,2,4,2.833333333,1,0,0,0.118055556,0,204,2,2,2,34,2,2,2,34,PLASMA
48,10,1,8,4.8,2,7,4.8,2,12,8,1,2,0,0.48,0.875,16,14,0,4,1.142857143,0,2,1.142857143,1,5,2.285714286,1,4,0,0.081632653,0,140,2,2.6,3,26,2,2.6,3,26,PLASMA
92,17,1,10,5.411764706,1,12,5.411764706,3,20,9.764705882,2,0,0,0.3183391,0.804347826,19,10,0,5,1.9,0,4,1.9,1,7,3.8,2,1,0,0.19,0.315789474,170,2,2.117647059,3,36,2,2.117647059,3,36,PLASMA
112,16,2,10,7,2,15,7,4,22,12.625,1,0,0,0.4375,0.660714286,28,13,0,6,2.153846154,0,6,2.153846154,2,12,4.307692308,1,0,0,0.165680473,0.428571429,208,2,2.75,3,44,2,2.75,3,44,PLASMA
68,16,3,5,4.25,2,6,4.25,4,10,7.3125,3,0,0,0.265625,0.808823529,22,13,1,4,1.692307692,1,3,1.692307692,2,6,3.384615385,3,3,0,0.130177515,0.909090909,208,2,2.375,3,38,2,2.375,3,38,PLASMA
63,16,2,6,3.9375,2,12,3.9375,3,13,6.8125,1,0,0,0.24609375,0.587301587,25,14,0,6,1.785714286,0,6,1.785714286,1,7,3.571428571,1,2,0,0.12755102,0,224,2,2.5625,4,41,2,2.5625,4,41,PLASMA
46,14,1,6,3.285714286,1,6,3.285714286,2,10,5.285714286,1,3,0,0.234693878,0.608695652,26,18,0,3,1.444444444,0,2,1.444444444,1,5,2.888888889,1,7,0,0.080246914,0.153846154,252,2,2.714285714,4,38,2,2.714285714,4,38,PLASMA
28,14,1,4,2,1,4,2,2,6,3,6,0,0,0.142857143,0.714285714,14,18,0,3,0.777777778,0,3,0.777777778,1,4,1.555555556,6,1,0,0.043209877,0,252,2,2,2,28,2,2,2,28,PLASMA
36,11,2,4,3.272727273,2,5,3.272727273,3,7,5,1,6,0,0.297520661,0.805555556,20,17,0,2,1.176470588,0,3,1.176470588,1,4,2.352941176,1,9,0,0.069204152,0.3,187,2,2.818181818,3,31,2,2.818181818,3,31,PLASMA
21,14,1,2,1.5,1,2,1.5,2,2,2,7,0,0,0.107142857,0.666666667,14,21,0,1,0.666666667,0,1,0.666666667,1,2,1.333333333,7,1,0,0.031746032,0,294,2,2,2,28,2,2,2,28,PLASMA
115,17,1,12,6.764705882,2,12,6.764705882,3,21,12.05882353,1,0,0,0.397923875,0.808695652,25,13,0,8,1.923076923,0,3,1.923076923,2,8,3.846153846,1,0,0,0.147928994,0,221,2,2.470588235,3,42,2,2.470588235,3,42,PLASMA
35,15,1,4,2.333333333,1,4,2.333333333,2,7,3.666666667,5,0,0,0.155555556,0.714285714,15,18,0,2,0.833333333,0,2,0.833333333,1,4,1.666666667,5,1,0,0.046296296,0.266666667,270,2,2,2,30,2,2,2,30,PLASMA
13,13,1,1,1,1,1,1,1,1,1,13,0,0,0.076923077,1,13,26,0,1,0.5,0,1,0.5,1,1,1,13,0,0,0.019230769,0,338,2,2,2,26,2,2,2,26,MC2
36,16,1,5,2.25,1,4,2.25,2,8,3.5,4,2,0,0.140625,0.666666667,16,18,0,3,0.888888889,0,2,0.888888889,1,4,1.777777778,4,2,0,0.049382716,0,288,2,2,2,32,2,2,2,32,PLASMA
93,15,3,10,6.2,1,11,6.2,3,19,10.73333333,1,0,0,0.413333333,0.741935484,40,16,0,7,2.5,0,8,2.5,1,9,5,1,3,0,0.15625,0.15,240,2,3.2,4,48,2,3.2,4,48,PLASMA
46,16,1,3,2.875,1,5,2.875,1,6,4.5625,4,0,0,0.1796875,0.673913043,22,17,0,2,1.294117647,0,2,1.294117647,1,4,2.588235294,4,1,0,0.076124567,0.272727273,272,2,2.375,3,38,2,2.375,3,38,PLASMA
21,14,1,2,1.5,1,2,1.5,2,2,2,7,0,0,0.107142857,0.666666667,14,21,0,1,0.666666667,0,1,0.666666667,1,2,1.333333333,7,1,0,0.031746032,0,294,2,2,2,28,2,2,2,28,PLASMA
59,15,2,7,3.933333333,1,6,3.933333333,3,11,6.466666667,1,1,0,0.262222222,0.728813559,23,17,0,3,1.352941176,0,4,1.352941176,1,4,2.705882353,1,7,0,0.079584775,0.173913043,255,2,2.533333333,3,38,2,2.533333333,3,38,PLASMA
72,18,1,6,4,2,5,4,2,10,7,1,4,0,0.222222222,0.722222222,18,14,0,4,1.285714286,0,4,1.285714286,1,5,2.571428571,1,7,0,0.091836735,0,252,2,2,2,36,2,2,2,36,PLASMA
100,14,2,14,7.142857143,3,14,7.142857143,5,24,12.5,1,0,0,0.510204082,0.89,48,19,0,10,2.526315789,0,10,2.526315789,1,16,5.052631579,1,2,0,0.132963989,0.291666667,266,2,3.5,6,49,2,3.5,6,49,PLASMA
63,14,2,7,4.5,1,11,4.5,3,16,7.571428571,1,2,0,0.321428571,0.666666667,30,18,0,5,1.666666667,0,4,1.666666667,1,7,3.166666667,1,5,0,0.092592593,0.3,252,2,3.071428571,4,43,2,3.071428571,4,43,PLASMA
43,10,2,6,4.3,2,7,4.3,3,11,7.1,1,2,0,0.43,0.813953488,20,14,0,4,1.428571429,0,3,1.428571429,1,5,2.857142857,1,6,0,0.102040816,0.4,140,2,3,4,30,2,3,4,30,PLASMA
51,17,1,5,3,1,5,3,2,9,5,4,0,0,0.176470588,0.725490196,17,18,0,3,0.944444444,0,2,0.944444444,1,5,1.888888889,4,1,0,0.052469136,0.352941176,306,2,2,2,34,2,2,2,34,PLASMA
22,15,1,2,1.466666667,1,2,1.466666667,1,2,1.933333333,8,0,0,0.097777778,0.681818182,15,23,0,1,0.652173913,0,1,0.652173913,1,2,1.304347826,8,0,0,0.028355388,0,345,2,2,2,30,2,2,2,30,PLASMA
52,17,1,7,3.058823529,1,9,3.058823529,2,14,5.058823529,4,0,0,0.179930796,0.692307692,19,19,0,3,1,0,2,1,1,5,2,4,1,0,0.052631579,0.210526316,323,2,2.117647059,3,36,2,2.117647059,3,36,PLASMA
70,18,1,6,3.888888889,1,6,3.888888889,2,10,6.777777778,4,0,0,0.216049383,0.742857143,18,13,0,5,1.384615385,0,5,1.384615385,1,6,2.769230769,4,1,0,0.106508876,0.111111111,234,2,2,2,36,2,2,2,36,MC2
52,15,1,6,3.466666667,2,5,3.466666667,2,9,5.533333333,2,2,0,0.231111111,0.75,22,21,0,3,1.047619048,0,3,1.047619048,1,5,2.095238095,2,4,0,0.049886621,0.090909091,315,2,2.466666667,3,37,2,2.466666667,3,37,PLASMA
33,16,1,3,2.0625,1,3,2.0625,1,5,3.125,7,3,0,0.12890625,0.848484848,16,19,0,2,0.842105263,0,2,0.842105263,1,3,1.684210526,7,4,0,0.04432133,0.375,304,2,2,2,32,2,2,2,32,PLASMA
68,15,2,9,4.533333333,3,8,4.533333333,4,15,7.733333333,1,1,0,0.302222222,0.764705882,32,21,0,6,1.523809524,0,4,1.523809524,1,8,3.047619048,1,6,0,0.072562358,0.0625,315,2,2.8,4,42,2,2.8,4,42,PLASMA
48,18,1,4,2.666666667,1,4,2.666666667,2,6,4.333333333,6,0,0,0.148148148,0.75,18,18,0,3,1,0,3,1,1,4,2,6,1,0,0.055555556,0,324,2,2,2,36,2,2,2,36,PLASMA
75,16,1,8,4.6875,2,8,4.6875,2,14,7.8125,1,1,0,0.29296875,0.813333333,40,22,0,7,1.818181818,0,7,1.818181818,1,11,3.636363636,1,3,0,0.082644628,0.15,352,2,3.0625,5,49,2,3.0625,5,49,PLASMA
95,17,2,7,5.588235294,2,12,5.588235294,3,17,9.764705882,1,0,0,0.328719723,0.589473684,31,16,1,4,1.9375,1,4,1.9375,3,8,3.875,1,0,0,0.12109375,0.258064516,272,2,2.823529412,3,48,2,2.823529412,3,48,PLASMA
35,17,1,4,2.058823529,1,4,2.058823529,2,6,3.117647059,7,0,0,0.121107266,0.714285714,17,21,0,3,0.80952381,0,3,0.80952381,1,4,1.619047619,7,1,0,0.038548753,0,357,2,2,2,34,2,2,2,34,PLASMA
67,16,1,8,4.1875,2,8,4.1875,2,13,6.8125,3,0,0,0.26171875,0.850746269,46,22,0,6,2.090909091,0,6,2.090909091,1,10,4.181818182,3,0,0,0.095041322,0.260869565,352,2,3.1875,6,51,2,3.1875,6,51,PLASMA
102,18,4,7,5.666666667,3,15,5.666666667,6,20,10,1,0,0,0.314814815,0.68627451,36,14,1,4,2.571428571,2,6,2.571428571,3,9,5.142857143,1,3,0,0.183673469,0.666666667,252,3,3,3,54,3,3,3,54,PLASMA
48,18,1,4,2.666666667,1,4,2.666666667,1,7,4.333333333,5,0,0,0.148148148,0.666666667,18,18,0,2,1,0,2,1,1,4,2,5,1,0,0.055555556,0.111111111,324,2,2,2,36,2,2,2,36,PLASMA
72,17,2,9,4.235294118,2,9,4.235294118,4,15,7.058823529,1,0,0,0.249134948,0.611111111,29,14,0,4,2.071428571,0,7,2.071428571,2,8,4,1,0,0,0.147959184,0.068965517,238,2,2.588235294,4,44,2,2.588235294,4,44,PLASMA
72,17,2,9,4.235294118,2,9,4.235294118,4,15,7.058823529,1,0,0,0.249134948,0.611111111,29,14,0,4,2.071428571,0,7,2.071428571,2,8,4,1,0,0,0.147959184,0.068965517,238,2,2.588235294,4,44,2,2.588235294,4,44,PLASMA
105,17,2,12,6.176470588,1,15,6.176470588,2,24,10.82352941,1,1,0,0.363321799,0.742857143,38,22,0,7,1.727272727,0,5,1.727272727,1,9,3.454545455,1,4,0,0.078512397,0.105263158,374,2,2.941176471,5,50,2,2.941176471,5,50,PLASMA
78,20,2,6,3.9,1,7,3.9,4,11,6.8,1,0,0,0.195,0.615384615,20,17,0,3,1.176470588,0,4,1.176470588,1,7,2.352941176,1,8,0,0.069204152,0,340,2,2,2,40,2,2,2,40,PLASMA
81,17,2,8,4.764705882,2,7,4.764705882,3,13,8,1,0,0,0.280276817,0.716049383,34,17,0,4,2,0,4,2,2,7,4,1,0,0,0.117647059,0,289,3,3,3,51,3,3,3,51,PLASMA
84,17,1,10,4.941176471,1,11,4.941176471,3,19,8.647058824,1,0,0,0.290657439,0.702380952,25,17,0,6,1.470588235,0,4,1.470588235,1,7,2.941176471,1,6,0,0.08650519,0.08,289,2,2.411764706,4,41,2,2.411764706,4,41,PLASMA
44,20,1,4,2.2,1,4,2.2,2,6,3.4,8,0,0,0.11,0.727272727,20,24,0,3,0.833333333,0,3,0.833333333,1,4,1.666666667,8,1,0,0.034722222,0,480,2,2,2,40,2,2,2,40,PLASMA
33,19,1,3,1.736842105,1,3,1.736842105,1,4,2.473684211,9,0,0,0.091412742,0.696969697,19,26,0,2,0.730769231,0,2,0.730769231,1,3,1.461538462,9,1,0,0.028106509,0,494,2,2,2,38,2,2,2,38,PLASMA
47,20,1,5,2.35,1,5,2.35,1,8,3.65,7,1,0,0.1175,0.659574468,21,24,0,3,0.875,0,4,0.875,1,5,1.75,6,1,0,0.036458333,0,480,2,2.05,3,41,2,2.05,3,41,PLASMA
46,20,1,4,2.3,1,4,2.3,1,6,3.6,8,0,0,0.115,0.739130435,20,23,0,3,0.869565217,0,3,0.869565217,1,4,1.739130435,8,1,0,0.037807183,0,460,2,2,2,40,2,2,2,40,PLASMA
76,20,1,7,3.8,1,11,3.8,2,14,6.55,2,1,0,0.19,0.697368421,30,19,0,6,1.578947368,0,6,1.578947368,1,7,3.157894737,2,6,0,0.083102493,0,380,2,2.5,4,50,2,2.5,4,50,PLASMA
120,20,2,7,6,2,12,6,3,17,10.6,1,0,0,0.3,0.566666667,36,18,1,4,2,1,4,2,3,8,4,1,0,0,0.111111111,0.222222222,360,2,2.8,3,56,2,2.8,3,56,PLASMA
149,20,1,16,7.45,1,17,7.45,2,30,13.3,1,2,0,0.3725,0.899328859,55,21,0,9,2.619047619,0,9,2.619047619,1,18,5.238095238,1,3,0,0.124716553,0.254545455,420,2,3.15,6,63,2,3.15,6,63,PLASMA
44,20,1,4,2.2,1,4,2.2,2,6,3.4,8,0,0,0.11,0.727272727,20,24,0,3,0.833333333,0,3,0.833333333,1,4,1.666666667,8,1,0,0.034722222,0,480,2,2,2,40,2,2,2,40,PLASMA
122,19,2,12,6.421052632,1,12,6.421052632,2,21,11.31578947,1,1,0,0.337950139,0.860655738,52,24,0,9,2.166666667,0,9,2.166666667,1,15,4.333333333,1,3,0,0.090277778,0.153846154,456,2,3.210526316,4,61,2,3.210526316,4,61,PLASMA
122,19,2,12,6.421052632,1,12,6.421052632,2,21,11.31578947,1,1,0,0.337950139,0.860655738,52,24,0,9,2.166666667,0,9,2.166666667,1,15,4.333333333,1,3,0,0.090277778,0.153846154,456,2,3.210526316,4,61,2,3.210526316,4,61,PLASMA
122,19,2,12,6.421052632,1,12,6.421052632,2,21,11.31578947,1,1,0,0.337950139,0.860655738,52,24,0,9,2.166666667,0,9,2.166666667,1,15,4.333333333,1,3,0,0.090277778,0.153846154,456,2,3.210526316,4,61,2,3.210526316,4,61,PLASMA
122,19,2,12,6.421052632,1,12,6.421052632,2,21,11.31578947,1,1,0,0.337950139,0.860655738,52,24,0,9,2.166666667,0,9,2.166666667,1,15,4.333333333,1,3,0,0.090277778,0.153846154,456,2,3.210526316,4,61,2,3.210526316,4,61,PLASMA
43,17,1,5,2.529411765,1,6,2.529411765,2,10,4.058823529,6,0,0,0.148788927,0.674418605,17,20,0,3,0.85,0,3,0.85,1,6,1.7,6,1,0,0.0425,0.235294118,340,2,2,2,34,2,2,2,34,PLASMA
110,20,2,11,5.5,1,14,5.5,3,21,9.45,1,2,0,0.275,0.663636364,43,19,0,6,2.263157895,0,6,2.263157895,1,9,4.157894737,1,4,0,0.119113573,0.395348837,380,2,3,4,60,2,3,4,60,PLASMA
66,22,1,5,3,1,5,3,2,9,5,5,0,0,0.136363636,0.727272727,22,23,0,3,0.956521739,0,2,0.956521739,1,5,1.913043478,5,3,0,0.041587902,0.363636364,506,2,2,2,44,2,2,2,44,PLASMA
100,20,3,7,5,2,10,5,4,14,8.5,1,0,0,0.25,0.7,40,22,1,3,1.818181818,1,3,1.818181818,2,6,3.636363636,1,4,0,0.082644628,0.5,440,3,3,3,60,3,3,3,60,PLASMA
57,22,1,6,2.590909091,1,7,2.590909091,2,11,4.136363636,5,0,0,0.117768595,0.684210526,23,26,0,3,0.884615385,0,2,0.884615385,1,4,1.769230769,4,5,0,0.034023669,0,572,2,2.045454545,3,45,2,2.045454545,3,45,PLASMA
153,20,2,12,7.65,2,13,7.65,5,21,13.1,1,0,0,0.3825,0.745098039,57,19,0,7,3,0,8,3,1,12,5.526315789,1,2,0,0.157894737,0.298245614,380,2,3.4,4,68,2,3.4,4,68,PLASMA
19,19,1,1,1,1,1,1,1,1,1,19,0,0,0.052631579,1,19,38,0,1,0.5,0,1,0.5,1,1,1,19,0,0,0.013157895,0,722,2,2,2,38,2,2,2,38,MC2
145,23,2,11,6.304347826,2,13,6.304347826,5,20,11.08695652,1,1,0,0.274102079,0.737931034,43,17,0,6,2.529411765,0,7,2.529411765,1,8,4.882352941,1,5,0,0.148788927,0.534883721,391,2,2.739130435,5,63,2,2.739130435,5,63,PLASMA
40,22,1,3,1.818181818,1,4,1.818181818,2,4,2.636363636,9,1,0,0.082644628,0.75,22,27,0,2,0.814814815,0,3,0.814814815,1,4,1.62962963,9,1,0,0.030178326,0.272727273,594,2,2,2,44,2,2,2,44,PLASMA
104,20,2,9,5.2,1,10,5.2,4,15,8.85,1,0,0,0.26,0.721153846,49,23,0,6,2.130434783,0,6,2.130434783,1,9,4.260869565,1,3,0,0.092627599,0.081632653,460,2,3,4,60,2,3,4,60,PLASMA
86,24,1,8,3.583333333,1,8,3.583333333,2,14,6.125,3,2,0,0.149305556,0.73255814,25,24,0,3,1.041666667,0,2,1.041666667,1,5,2.083333333,3,8,0,0.043402778,0.32,576,2,2.041666667,3,49,2,2.041666667,3,49,PLASMA
133,20,4,9,6.65,2,12,6.65,6,17,11.6,1,0,0,0.3325,0.661654135,50,20,1,4,2.5,1,4,2.5,3,8,5,1,0,0,0.125,0.52,400,3,3.35,4,67,3,3.35,4,67,PLASMA
82,23,1,6,3.565217391,1,6,3.565217391,2,11,6.130434783,5,1,0,0.155009452,0.695121951,23,23,0,3,1,0,3,1,1,6,2,5,5,0,0.043478261,0.347826087,529,2,2,2,46,2,2,2,46,PLASMA
128,21,1,12,6.095238095,1,12,6.095238095,2,21,10.71428571,1,2,0,0.290249433,0.8515625,55,27,0,9,2.037037037,0,9,2.037037037,1,15,4.074074074,1,4,0,0.075445816,0.145454545,567,2,3.142857143,4,66,2,3.142857143,4,66,PLASMA
20,20,1,1,1,1,1,1,1,1,1,20,0,0,0.05,1,20,40,0,1,0.5,0,1,0.5,1,1,1,20,0,0,0.0125,0,800,2,2,2,40,2,2,2,40,MC2
212,28,4,12,7.571428571,4,14,7.571428571,7,23,14.07142857,1,0,0,0.270408163,0.660377358,28,9,2,8,3.111111111,0,12,3.111111111,4,14,6,1,2,0,0.345679012,0.357142857,252,2,2,2,56,2,2,2,56,PLASMA
90,21,1,9,4.285714286,1,9,4.285714286,2,15,7,1,5,0,0.204081633,0.855555556,55,29,0,5,1.896551724,0,5,1.896551724,1,9,3.793103448,1,6,0,0.065398335,0.290909091,609,2,3.047619048,6,64,2,3.047619048,6,64,PLASMA
102,26,2,6,3.923076923,1,8,3.923076923,4,12,6.846153846,1,0,0,0.150887574,0.607843137,26,22,0,3,1.181818182,0,5,1.181818182,1,8,2.363636364,1,10,0,0.053719008,0,572,2,2,2,52,2,2,2,52,PLASMA
58,22,2,4,2.636363636,1,3,2.636363636,3,6,4.272727273,4,5,0,0.119834711,0.689655172,22,22,0,2,1,0,2,1,1,3,2,4,6,0,0.045454545,0,484,2,2,2,44,2,2,2,44,PLASMA
112,24,1,10,4.666666667,1,10,4.666666667,2,17,7.916666667,1,8,0,0.194444444,0.803571429,49,25,0,7,1.96,0,9,1.96,1,13,3.92,1,5,0,0.0784,0.12244898,600,2,2.75,4,66,2,2.75,4,66,PLASMA
124,25,1,11,4.96,1,16,4.96,1,25,8.8,6,0,0,0.1984,0.709677419,28,24,0,5,1.166666667,0,6,1.166666667,1,11,2.333333333,6,5,0,0.048611111,0.428571429,600,2,2.12,3,53,2,2.12,3,53,PLASMA
57,24,1,4,2.375,1,3,2.375,2,6,3.75,5,0,0,0.098958333,0.666666667,24,29,0,2,0.827586207,0,1,0.827586207,1,3,1.655172414,5,1,0,0.028537455,0,696,2,2,2,48,2,2,2,48,PLASMA
134,25,2,9,5.36,2,14,5.36,3,20,9.32,1,2,0,0.2144,0.559701493,42,23,0,4,1.826086957,0,6,1.826086957,1,10,3.652173913,1,4,0,0.079395085,0.047619048,575,2,2.68,3,67,2,2.68,3,67,PLASMA
102,26,1,10,3.923076923,1,10,3.923076923,2,18,6.807692308,3,0,0,0.150887574,0.754901961,27,24,0,4,1.125,0,2,1.125,1,5,2.25,3,1,0,0.046875,0.296296296,624,2,2.038461538,3,53,2,2.038461538,3,53,PLASMA
127,21,2,10,6.047619048,2,13,6.047619048,3,17,10.38095238,1,0,0,0.287981859,0.692913386,62,27,0,8,2.296296296,0,13,2.296296296,1,15,4.592592593,1,1,0,0.085048011,0.129032258,567,2,3.333333333,6,70,2,3.333333333,6,70,PLASMA
84,21,1,8,4,1,8,4,2,14,6.523809524,1,8,0,0.19047619,0.797619048,48,27,0,5,1.777777778,0,6,1.777777778,1,10,3.555555556,1,9,0,0.065843621,0.25,567,2,2.904761905,4,61,2,2.904761905,4,61,PLASMA
129,22,3,9,5.863636364,2,9,5.863636364,4,15,9.863636364,1,1,0,0.266528926,0.751937984,73,31,1,7,2.35483871,0,6,2.35483871,1,12,4.709677419,1,2,0,0.075962539,0.410958904,682,2,3.636363636,5,80,2,3.636363636,5,80,PLASMA
126,21,1,12,6,1,12,6,2,21,10.52380952,1,3,0,0.285714286,0.849206349,55,27,0,9,2.037037037,0,9,2.037037037,1,15,4.074074074,1,5,0,0.075445816,0.145454545,567,2,3.142857143,4,66,2,3.142857143,4,66,PLASMA
184,24,2,11,7.666666667,4,10,7.666666667,5,19,13.66666667,1,0,0,0.319444444,0.77173913,48,17,0,6,2.823529412,0,6,2.823529412,4,8,5.647058824,1,0,0,0.166089965,0,408,3,3,3,72,3,3,3,72,PLASMA
142,26,1,12,5.461538462,2,10,5.461538462,2,17,9.307692308,1,7,0,0.210059172,0.802816901,46,26,0,5,1.769230769,0,6,1.769230769,1,9,3.384615385,1,2,0,0.068047337,0.086956522,676,2,2.615384615,4,68,2,2.615384615,4,68,PLASMA
99,25,1,10,3.96,1,10,3.96,2,18,6.64,1,5,0,0.1584,0.747474747,44,30,0,5,1.466666667,0,7,1.466666667,1,11,2.933333333,1,15,0,0.048888889,0.136363636,750,2,2.52,4,63,2,2.52,4,63,PLASMA
117,27,2,8,4.333333333,1,12,4.333333333,3,18,7.518518519,2,0,0,0.160493827,0.658119658,34,24,0,4,1.416666667,0,3,1.416666667,1,7,2.833333333,2,3,0,0.059027778,0.352941176,648,2,2.259259259,3,61,2,2.259259259,3,61,PLASMA
110,26,2,9,4.230769231,1,20,4.230769231,3,26,7.346153846,2,0,0,0.162721893,0.609090909,35,22,0,4,1.590909091,0,5,1.590909091,1,8,3.181818182,2,0,0,0.07231405,0.342857143,572,2,2.346153846,4,61,2,2.346153846,4,61,PLASMA
146,23,1,11,6.347826087,2,9,6.347826087,2,18,10.7826087,1,3,0,0.275992439,0.808219178,49,27,0,7,1.814814815,0,6,1.814814815,1,8,3.518518519,1,7,0,0.067215364,0.06122449,621,2,2.956521739,4,68,2,2.956521739,4,68,PLASMA
265,32,6,9,8.28125,3,26,8.28125,9,34,15.5,1,0,0,0.258789063,0.528301887,34,12,1,6,2.833333333,0,20,2.833333333,1,26,5.666666667,1,2,0,0.236111111,0.470588235,384,2,2.0625,3,66,2,2.0625,3,66,PLASMA
162,27,2,11,6,2,13,6,4,21,10.7037037,1,0,0,0.222222222,0.586419753,49,20,0,6,2.45,0,7,2.45,2,12,4.9,1,0,0,0.1225,0.204081633,540,2,2.740740741,4,74,2,2.740740741,4,74,PLASMA
114,25,2,8,4.56,1,10,4.56,2,16,7.68,1,1,0,0.1824,0.666666667,58,30,0,5,1.933333333,0,5,1.933333333,1,10,3.866666667,1,4,0,0.064444444,0.137931034,750,2,2.96,4,74,2,2.96,4,74,PLASMA
90,25,1,9,3.6,1,8,3.6,2,14,5.76,1,7,0,0.144,0.644444444,47,30,0,7,1.566666667,0,5,1.566666667,1,10,2.9,1,10,0,0.052222222,0.191489362,750,2,2.6,5,65,2,2.6,5,65,PLASMA
62,26,1,3,2.384615385,1,4,2.384615385,1,5,3.692307692,13,0,0,0.091715976,0.967741935,30,28,0,2,1.071428571,0,2,1.071428571,1,4,2.142857143,13,1,0,0.038265306,0.733333333,728,2,2.153846154,3,56,2,2.153846154,3,56,PLASMA
105,29,1,8,3.620689655,2,10,3.620689655,2,15,6.137931034,2,2,0,0.124851367,0.666666667,35,21,0,4,1.666666667,0,5,1.666666667,1,5,3.333333333,2,2,0,0.079365079,0.285714286,609,2,2.206896552,4,64,2,2.206896552,4,64,PLASMA
224,28,1,16,8,1,16,8,2,29,14.25,1,1,0,0.285714286,0.700892857,55,26,0,8,2.115384615,0,12,2.115384615,1,16,4,1,13,0,0.081360947,0.181818182,728,2,2.75,4,77,2,2.75,4,77,PLASMA
336,28,6,16,12,4,18,12,9,30,22.35714286,1,0,0,0.428571429,0.678571429,78,19,0,12,4.105263158,0,18,4.105263158,2,26,8.210526316,1,2,0,0.216066482,0.153846154,532,2,3.214285714,4,90,2,3.214285714,4,90,PLASMA
123,31,1,9,3.967741935,2,8,3.967741935,2,14,6.806451613,5,4,0,0.127991675,0.821138211,38,23,0,9,1.652173913,0,10,1.652173913,2,10,3.304347826,5,1,0,0.071833648,0.421052632,713,2,2.225806452,3,69,2,2.225806452,3,69,PLASMA
212,26,4,11,8.153846154,2,16,8.153846154,6,23,14.61538462,1,0,0,0.313609467,0.641509434,66,24,1,6,2.75,1,6,2.75,3,12,5.5,1,0,0,0.114583333,0.545454545,624,3,3.384615385,4,88,3,3.384615385,4,88,PLASMA
89,17,2,7,5.235294118,2,12,5.235294118,4,17,9.058823529,1,0,0,0.307958478,0.651685393,31,16,1,4,1.9375,1,4,1.9375,2,8,3.875,1,0,0,0.12109375,0.387096774,272,2,2.823529412,3,48,2,2.823529412,3,48,PLASMA
180,30,4,8,6,3,15,6,6,20,10.66666667,1,0,0,0.2,0.666666667,60,22,1,4,2.727272727,2,6,2.727272727,3,9,5.454545455,1,4,0,0.123966942,0.666666667,660,3,3,3,90,3,3,3,90,PLASMA
207,27,5,11,7.666666667,2,16,7.666666667,7,23,13.66666667,1,0,0,0.283950617,0.623188406,66,26,1,6,2.538461538,1,6,2.538461538,3,12,5.076923077,1,0,0,0.097633136,0.545454545,702,3,3.333333333,4,90,3,3.333333333,4,90,PLASMA
114,33,1,6,3.454545455,2,8,3.454545455,2,11,5.606060606,1,3,0,0.104683196,0.657894737,41,33,0,5,1.242424242,1,3,1.242424242,1,6,2.424242424,1,4,0,0.037649219,0.048780488,1089,2,2.242424242,4,74,2,2.242424242,4,74,PLASMA
83,32,1,4,2.59375,1,4,2.59375,2,7,4.1875,9,0,0,0.081054688,0.722891566,32,35,0,2,0.914285714,0,2,0.914285714,1,4,1.828571429,9,1,0,0.026122449,0.25,1120,2,2,2,64,2,2,2,64,PLASMA
94,32,1,7,2.9375,1,6,2.9375,1,12,4.875,7,9,0,0.091796875,0.744680851,32,36,0,5,0.888888889,0,3,0.888888889,1,6,1.777777778,7,10,0,0.024691358,0,1152,2,2,2,64,2,2,2,64,PLASMA
232,29,2,20,8,2,19,8,3,34,14.27586207,1,0,0,0.275862069,0.827586207,101,34,0,14,2.970588235,0,15,2.970588235,1,20,5.941176471,1,2,0,0.087370242,0.237623762,986,2,3.482758621,9,101,2,3.482758621,9,101,PLASMA
355,32,2,21,11.09375,2,19,11.09375,3,37,20.1875,1,1,0,0.346679688,0.861971831,72,28,0,12,2.571428571,0,8,2.571428571,1,16,5,1,4,0,0.091836735,0.194444444,896,2,3.0625,4,98,2,3.0625,4,98,PLASMA
147,31,1,9,4.741935484,2,13,4.741935484,2,20,8.193548387,2,1,0,0.152965661,0.707482993,47,26,0,5,1.807692308,0,4,1.807692308,2,8,3.615384615,1,7,0,0.069526627,0.510638298,806,2,2.483870968,4,77,2,2.483870968,4,77,PLASMA
278,34,1,16,8.176470588,2,12,8.176470588,3,26,14.94117647,1,0,0,0.240484429,0.848920863,85,21,0,13,4.047619048,1,13,4.047619048,3,16,8.047619048,1,0,0,0.192743764,0.223529412,714,2,3.117647059,4,106,2,3.117647059,4,106,PLASMA
59,30,1,4,1.966666667,1,3,1.966666667,2,6,2.933333333,11,0,0,0.065555556,0.677966102,30,38,0,2,0.789473684,0,2,0.789473684,1,3,1.578947368,11,1,0,0.020775623,0,1140,2,2,2,60,2,2,2,60,PLASMA
209,37,1,12,5.648648649,1,12,5.648648649,2,21,10.21621622,1,1,0,0.15266618,0.641148325,40,22,0,5,1.818181818,0,5,1.818181818,1,10,3.636363636,1,6,0,0.082644628,0.35,814,2,2.081081081,3,77,2,2.081081081,3,77,PLASMA
111,33,1,7,3.363636364,1,9,3.363636364,2,14,5.545454545,7,0,0,0.101928375,0.783783784,42,35,0,4,1.2,0,3,1.2,1,6,2.4,7,0,0,0.034285714,0.476190476,1155,2,2.272727273,3,75,2,2.272727273,3,75,PLASMA
197,33,1,15,5.96969697,2,17,5.96969697,4,25,10.66666667,1,0,0,0.180899908,0.802030457,57,30,0,9,1.9,0,7,1.9,1,9,3.8,1,7,0,0.063333333,0,990,2,2.727272727,3,90,2,2.727272727,3,90,PLASMA
72,33,1,4,2.181818182,1,5,2.181818182,2,8,3.363636364,11,2,0,0.066115702,0.680555556,34,42,0,3,0.80952381,0,3,0.80952381,1,5,1.619047619,11,3,0,0.019274376,0.058823529,1386,2,2.03030303,3,67,2,2.03030303,3,67,PLASMA
111,34,2,6,3.264705882,2,9,3.264705882,3,13,5.382352941,6,2,0,0.096020761,0.711711712,42,33,0,4,1.272727273,0,3,1.272727273,1,7,2.545454545,6,3,0,0.038567493,0.476190476,1122,2,2.235294118,3,76,2,2.235294118,3,76,PLASMA
666,31,2,46,21.48387097,3,46,21.48387097,3,88,40.51612903,1,6,0,0.693028096,0.966966967,76,33,0,17,2.303030303,0,6,2.303030303,1,17,4.363636364,1,2,0,0.069788797,0.105263158,1023,2,3.451612903,5,107,2,3.451612903,5,107,PLASMA
666,31,2,46,21.48387097,3,46,21.48387097,3,88,40.51612903,1,6,0,0.693028096,0.966966967,76,33,0,17,2.303030303,0,6,2.303030303,1,17,4.363636364,1,2,0,0.069788797,0.105263158,1023,2,3.451612903,5,107,2,3.451612903,5,107,PLASMA
666,31,2,46,21.48387097,3,46,21.48387097,3,88,40.51612903,1,6,0,0.693028096,0.966966967,76,33,0,17,2.303030303,0,6,2.303030303,1,17,4.363636364,1,2,0,0.069788797,0.105263158,1023,2,3.451612903,5,107,2,3.451612903,5,107,PLASMA
123,29,2,8,4.24137931,1,8,4.24137931,3,14,7.206896552,1,0,0,0.146254459,0.658536585,47,24,0,5,1.958333333,0,5,1.958333333,1,6,3.916666667,1,1,0,0.081597222,0.085106383,696,2,2.620689655,4,76,2,2.620689655,4,76,PLASMA
214,37,2,15,5.783783784,1,17,5.783783784,3,28,10,1,1,0,0.156318481,0.654205607,63,22,0,8,2.863636364,0,11,2.863636364,1,11,5,1,2,0,0.130165289,0.444444444,814,2,2.594594595,4,96,2,2.594594595,4,96,PLASMA
269,31,2,18,8.677419355,2,18,8.677419355,3,29,15.35483871,1,0,0,0.279916753,0.765799257,78,34,0,8,2.294117647,0,10,2.294117647,1,14,4.382352941,1,1,0,0.067474048,0.243589744,1054,2,3.290322581,5,102,2,3.290322581,5,102,PLASMA
120,23,3,9,5.217391304,1,11,5.217391304,4,18,8.826086957,2,0,0,0.2268431,0.741666667,42,28,0,6,1.5,0,4,1.5,1,7,3,2,5,0,0.053571429,0.19047619,644,2,2.826086957,4,65,2,2.826086957,4,65,PLASMA
120,23,3,9,5.217391304,1,11,5.217391304,4,18,8.826086957,2,0,0,0.2268431,0.741666667,42,28,0,6,1.5,0,4,1.5,1,7,3,2,5,0,0.053571429,0.19047619,644,2,2.826086957,4,65,2,2.826086957,4,65,PLASMA
156,32,2,9,4.875,2,11,4.875,3,18,8.40625,7,0,0,0.15234375,0.801282051,45,32,0,7,1.40625,0,4,1.40625,1,9,2.8125,7,5,0,0.043945313,0.266666667,1024,2,2.40625,4,77,2,2.40625,4,77,PLASMA
89,36,1,4,2.472222222,1,4,2.472222222,2,7,3.944444444,11,0,0,0.06867284,0.719101124,36,41,0,2,0.87804878,0,2,0.87804878,1,4,1.756097561,11,1,0,0.021415824,0.222222222,1476,2,2,2,72,2,2,2,72,PLASMA
81,36,1,5,2.25,1,4,2.25,2,8,3.5,11,0,0,0.0625,0.691358025,36,43,0,3,0.837209302,0,2,0.837209302,1,4,1.674418605,11,1,0,0.019469984,0,1548,2,2,2,72,2,2,2,72,PLASMA
199,34,2,15,5.852941176,1,15,5.852941176,2,22,10.23529412,3,3,0,0.172145329,0.64321608,63,31,1,5,2.032258065,0,7,2.032258065,1,9,4.064516129,3,3,0,0.065556712,0.476190476,1054,2,2.823529412,6,96,2,2.823529412,6,96,PLASMA
285,32,4,13,8.90625,2,19,8.90625,6,28,16.09375,1,0,0,0.278320313,0.642105263,81,28,1,7,2.892857143,0,7,2.892857143,3,14,5.785714286,1,0,0,0.103316327,0.518518519,896,3,3.375,4,108,3,3.375,4,108,PLASMA
206,35,2,11,5.885714286,1,13,5.885714286,2,21,10.25714286,1,1,0,0.168163265,0.655339806,72,34,0,10,2.117647059,0,10,2.117647059,0,13,4.235294118,2,4,0,0.062283737,0.055555556,1190,2,2.8,4,98,2,2.8,4,98,PLASMA
305,33,2,18,9.242424242,2,19,9.242424242,3,30,16.42424242,1,0,0,0.280073462,0.740983607,86,34,0,8,2.529411765,0,10,2.529411765,1,14,4.794117647,1,1,0,0.074394464,0.244186047,1122,2,3.333333333,5,110,2,3.333333333,5,110,PLASMA
229,39,1,12,5.871794872,1,21,5.871794872,1,31,10.64102564,5,0,0,0.150558843,0.668122271,47,29,0,5,1.620689655,0,9,1.620689655,1,14,3.24137931,5,0,0,0.05588585,0.553191489,1131,2,2.205128205,3,86,2,2.205128205,3,86,PLASMA
131,30,2,9,4.366666667,1,9,4.366666667,2,14,7.233333333,2,3,0,0.145555556,0.709923664,52,38,0,4,1.368421053,0,4,1.368421053,1,7,2.736842105,2,10,0,0.03601108,0.230769231,1140,2,2.733333333,4,82,2,2.733333333,4,82,PLASMA
88,36,1,5,2.444444444,1,5,2.444444444,1,8,3.888888889,8,0,0,0.067901235,0.636363636,36,34,0,3,1.058823529,0,4,1.058823529,1,5,2.117647059,8,0,0,0.031141869,0.111111111,1224,2,2,2,72,2,2,2,72,PLASMA
155,30,2,9,5.166666667,1,9,5.166666667,3,15,8.9,1,1,0,0.172222222,0.703225806,62,32,0,7,1.9375,0,9,1.9375,1,10,3.875,1,5,0,0.060546875,0.129032258,960,2,2.833333333,5,85,2,2.833333333,5,85,PLASMA
130,42,2,5,3.095238095,2,6,3.095238095,3,10,5.19047619,9,0,0,0.073696145,0.769230769,42,32,1,3,1.3125,1,3,1.3125,2,6,2.625,9,0,0,0.041015625,0.571428571,1344,2,2,2,84,2,2,2,84,PLASMA
1849,43,43,43,43,43,43,43,85,85,85,1,0,0,1,1,43,44,0,43,0.977272727,0,1,0.977272727,1,43,1.954545455,1,1,0,0.022210744,0,1892,2,2,2,86,2,2,2,86,MC2
64,38,1,5,1.684210526,1,6,1.684210526,2,9,2.342105263,17,0,0,0.04432133,0.671875,39,56,0,2,0.696428571,0,2,0.696428571,1,3,1.392857143,17,1,0,0.012436224,0,2128,2,2.026315789,3,77,2,2.026315789,3,77,PLASMA
124,41,1,9,3.024390244,1,8,3.024390244,1,15,5,7,0,0,0.073765616,0.717741935,43,47,0,3,0.914893617,0,4,0.914893617,1,6,1.829787234,7,1,0,0.019465822,0.046511628,1927,2,2.048780488,3,84,2,2.048780488,3,84,PLASMA
286,36,1,21,7.944444444,1,22,7.944444444,1,36,14.11111111,2,5,0,0.220679012,0.734265734,156,47,0,16,3.319148936,0,22,3.319148936,1,29,6.638297872,1,10,0,0.07062019,0.192307692,1692,2,3.75,9,135,2,3.75,9,135,PLASMA
194,38,1,12,5.105263158,1,12,5.105263158,1,21,8.789473684,2,4,0,0.13434903,0.711340206,96,45,0,12,2.133333333,0,7,2.133333333,1,16,4.266666667,1,5,0,0.047407407,0.145833333,1710,2,3.105263158,5,118,2,3.105263158,5,118,PLASMA
120,29,2,6,4.137931034,2,11,4.137931034,3,15,6.724137931,1,2,0,0.142687277,0.725,56,37,0,3,1.513513514,0,5,1.513513514,1,7,3.027027027,1,12,0,0.040905771,0.392857143,1073,2,2.931034483,3,85,2,2.931034483,3,85,PLASMA
104,41,1,8,2.536585366,1,10,2.536585366,2,16,4,14,0,0,0.061867936,0.673076923,47,55,0,4,0.854545455,0,3,0.854545455,1,7,1.709090909,14,6,0,0.01553719,0.255319149,2255,2,2.146341463,3,88,2,2.146341463,3,88,PLASMA
437,42,2,26,10.4047619,1,21,10.4047619,5,44,19.07142857,1,0,0,0.247732426,0.711670481,79,33,0,10,2.393939394,0,12,2.393939394,1,20,4.606060606,1,16,0,0.072543618,0.126582278,1386,2,2.738095238,4,115,2,2.738095238,4,115,PLASMA
119,46,1,4,2.586956522,1,4,2.586956522,2,7,4.173913043,13,0,0,0.056238185,0.722689076,46,51,0,2,0.901960784,0,2,0.901960784,1,4,1.803921569,13,1,0,0.017685506,0.260869565,2346,2,2,2,92,2,2,2,92,PLASMA
119,46,1,4,2.586956522,1,4,2.586956522,2,7,4.173913043,13,0,0,0.056238185,0.722689076,46,51,0,2,0.901960784,0,2,0.901960784,1,4,1.803921569,13,1,0,0.017685506,0.260869565,2346,2,2,2,92,2,2,2,92,PLASMA
119,46,1,4,2.586956522,1,4,2.586956522,2,7,4.173913043,13,0,0,0.056238185,0.722689076,46,51,0,2,0.901960784,0,2,0.901960784,1,4,1.803921569,13,1,0,0.017685506,0.260869565,2346,2,2,2,92,2,2,2,92,PLASMA
241,48,2,14,5.020833333,1,11,5.020833333,2,21,8.916666667,1,2,0,0.104600694,0.68879668,65,38,0,7,1.710526316,0,8,1.710526316,1,12,3.421052632,1,17,0,0.04501385,0.030769231,1824,2,2.25,4,108,2,2.25,4,108,PLASMA
342,47,3,12,7.276595745,1,20,7.276595745,3,30,13.21276596,2,0,0,0.154821186,0.657894737,71,37,0,6,1.918918919,0,9,1.918918919,1,12,3.837837838,2,5,0,0.051862673,0.535211268,1739,2,2.489361702,4,117,2,2.489361702,4,117,PLASMA
192,48,2,9,4,1,10,4,3,17,6.958333333,4,0,0,0.083333333,0.739583333,50,38,0,3,1.315789474,0,3,1.315789474,1,6,2.631578947,4,1,0,0.034626039,0.24,1824,2,2.041666667,3,98,2,2.041666667,3,98,PLASMA
192,48,2,9,4,1,10,4,3,17,6.958333333,4,0,0,0.083333333,0.739583333,50,38,0,3,1.315789474,0,3,1.315789474,1,6,2.631578947,4,1,0,0.034626039,0.24,1824,2,2.041666667,3,98,2,2.041666667,3,98,PLASMA
276,48,1,17,5.75,1,14,5.75,1,29,10.16666667,2,4,0,0.119791667,0.724637681,89,48,0,12,1.854166667,0,8,1.854166667,1,17,3.708333333,1,11,0,0.038628472,0.112359551,2304,2,2.666666667,4,128,2,2.666666667,4,128,PLASMA
333,45,1,15,7.4,1,18,7.4,2,29,13.46666667,4,0,0,0.164444444,0.672672673,63,37,0,7,1.702702703,0,6,1.702702703,1,13,3.405405405,4,4,0,0.046018992,0.380952381,1665,2,2.4,3,108,2,2.4,3,108,PLASMA
333,45,1,15,7.4,1,18,7.4,2,29,13.46666667,4,0,0,0.164444444,0.672672673,63,37,0,7,1.702702703,0,6,1.702702703,1,13,3.405405405,4,4,0,0.046018992,0.380952381,1665,2,2.4,3,108,2,2.4,3,108,PLASMA
207,43,1,12,4.813953488,1,11,4.813953488,2,21,8.372093023,4,9,0,0.111952407,0.811594203,56,47,0,9,1.191489362,0,3,1.191489362,1,9,2.382978723,4,16,0,0.025350837,0.142857143,2021,2,2.302325581,3,99,2,2.302325581,3,99,PLASMA
588,58,4,20,10.13793103,6,14,10.13793103,11,33,19.27586207,1,0,0,0.174791914,0.714285714,58,18,0,10,3.222222222,2,6,3.222222222,2,14,6.444444444,1,6,0,0.179012346,0.482758621,1044,2,2,2,116,2,2,2,116,PLASMA
238,47,1,12,5.063829787,1,18,5.063829787,1,22,8.914893617,4,0,0,0.107741059,0.567226891,94,39,0,9,2.41025641,0,8,2.41025641,1,11,4.820512821,4,0,0,0.061801446,0.446808511,1833,2,3,7,141,2,3,7,141,PLASMA
417,45,2,27,9.266666667,2,22,9.266666667,3,43,16.93333333,1,3,0,0.205925926,0.839328537,95,44,0,16,2.159090909,0,10,2.159090909,1,16,4.25,1,12,0,0.049070248,0.073684211,1980,2,3,5,135,2,3,5,135,PLASMA
220,51,1,10,4.31372549,1,15,4.31372549,1,23,7.588235294,11,0,0,0.084582853,0.686363636,55,47,0,5,1.170212766,0,5,1.170212766,1,8,2.340425532,11,3,0,0.024898144,0.4,2397,2,2.078431373,3,106,2,2.078431373,3,106,PLASMA
441,45,5,16,9.8,2,23,9.8,7,34,17.86666667,1,0,0,0.217777778,0.62585034,111,38,1,9,2.921052632,0,9,2.921052632,3,18,5.842105263,1,0,0,0.076869806,0.486486486,1710,3,3.333333333,4,150,3,3.333333333,4,150,PLASMA
218,52,1,9,4.192307692,1,16,4.192307692,1,23,7.288461538,12,0,0,0.080621302,0.683486239,64,50,0,5,1.28,0,7,1.28,1,11,2.56,12,1,0,0.0256,0.40625,2600,2,2.230769231,3,116,2,2.230769231,3,116,PLASMA
368,45,2,20,8.177777778,2,17,8.177777778,3,35,14.6,1,1,0,0.181728395,0.79076087,89,54,0,12,1.648148148,0,6,1.648148148,1,13,3.296296296,1,12,0,0.030521262,0.179775281,2430,2,2.977777778,4,134,2,2.977777778,4,134,PLASMA
305,45,1,16,6.777777778,1,15,6.777777778,2,25,12.06666667,2,2,0,0.150617284,0.698360656,80,37,0,5,2.162162162,0,6,2.162162162,1,11,4.324324324,2,3,0,0.058436815,0.4,1665,2,2.777777778,5,125,2,2.777777778,5,125,PLASMA
186,54,1,6,3.444444444,1,6,3.444444444,1,11,5.888888889,12,0,0,0.063786008,0.677419355,54,50,0,3,1.08,0,3,1.08,1,6,2.16,12,2,0,0.0216,0.222222222,2700,2,2,2,108,2,2,2,108,PLASMA
218,57,2,9,3.824561404,1,10,3.824561404,3,17,6.614035088,6,0,0,0.067097568,0.73853211,59,46,0,3,1.282608696,0,3,1.282608696,1,6,2.565217391,6,1,0,0.027882798,0.203389831,2622,2,2.035087719,3,116,2,2.035087719,3,116,PLASMA
307,46,1,16,6.673913043,1,15,6.673913043,2,25,11.86956522,2,2,0,0.145085066,0.697068404,81,38,0,5,2.131578947,0,6,2.131578947,1,11,4.263157895,2,3,0,0.056094183,0.395061728,1748,2,2.760869565,5,127,2,2.760869565,5,127,PLASMA
223,45,1,12,4.955555556,1,12,4.955555556,1,22,8.688888889,6,5,0,0.110123457,0.874439462,55,55,0,8,1,0,3,1,1,9,2,6,10,0,0.018181818,0,2475,2,2.222222222,3,100,2,2.222222222,3,100,PLASMA
446,43,1,25,10.37209302,2,28,10.37209302,2,44,17.81395349,1,4,0,0.241211466,0.780269058,214,55,0,15,3.890909091,0,13,3.890909091,2,24,7.109090909,1,0,0,0.070743802,0.453271028,2365,2,4.255813953,8,183,2,4.255813953,8,183,PLASMA
382,51,2,15,7.490196078,1,18,7.490196078,3,29,13.62745098,1,3,0,0.14686659,0.672774869,72,37,0,7,1.945945946,0,6,1.945945946,1,13,3.810810811,1,10,0,0.052593134,0.458333333,1887,2,2.411764706,3,123,2,2.411764706,3,123,PLASMA
282,45,1,12,6.266666667,1,14,6.266666667,2,23,10.68888889,1,3,0,0.139259259,0.776595745,165,62,0,10,2.661290323,0,10,2.661290323,1,12,5.322580645,1,4,0,0.042924037,0.206060606,2790,2,3.666666667,6,165,2,3.666666667,6,165,PLASMA
395,64,1,12,6.171875,2,11,6.171875,2,22,11.34375,9,1,0,0.096435547,0.653164557,69,33,0,7,2.090909091,1,6,2.090909091,1,12,4.181818182,9,2,0,0.063360882,0.782608696,2112,2,2.078125,3,133,2,2.078125,3,133,PLASMA
218,57,2,9,3.824561404,1,10,3.824561404,3,17,6.614035088,6,0,0,0.067097568,0.73853211,59,46,0,3,1.282608696,0,3,1.282608696,1,6,2.565217391,6,1,0,0.027882798,0.203389831,2622,2,2.035087719,3,116,2,2.035087719,3,116,PLASMA
178,56,1,7,3.178571429,1,9,3.178571429,1,13,5.160714286,10,3,0,0.056760204,0.702247191,77,62,0,5,1.241935484,0,7,1.241935484,1,9,2.483870968,10,7,0,0.020031217,0.285714286,3472,2,2.339285714,4,131,2,2.339285714,4,131,PLASMA
342,53,1,14,6.452830189,2,14,6.452830189,3,25,11.30188679,1,1,0,0.121751513,0.786549708,120,61,0,7,1.967213115,0,8,1.967213115,1,15,3.93442623,1,5,0,0.032249395,0.133333333,3233,2,3,5,159,2,3,5,159,PLASMA
643,64,1,17,10.046875,2,28,10.046875,2,40,18.859375,1,2,0,0.156982422,0.592534992,101,26,0,11,3.884615385,0,13,3.884615385,2,20,7.769230769,1,0,0,0.149408284,0.673267327,1664,2,2.578125,3,165,2,2.578125,3,165,PLASMA
607,53,2,65,11.45283019,2,85,11.45283019,3,134,20.88679245,1,0,0,0.216091136,0.822075783,275,50,0,23,5.5,0,30,5.5,1,40,11,1,1,0,0.11,0.218181818,2650,2,3.943396226,22,209,2,3.943396226,22,209,PLASMA
246,58,1,8,4.24137931,2,12,4.24137931,2,18,7.224137931,4,3,0,0.073127229,0.605691057,82,56,0,4,1.464285714,0,5,1.464285714,1,8,2.928571429,4,11,0,0.026147959,0.219512195,3248,2,2.413793103,3,140,2,2.413793103,3,140,PLASMA
1091,56,1,48,19.48214286,1,47,19.48214286,1,88,37.125,2,1,0,0.347895408,0.759853346,148,47,0,40,3.14893617,0,36,3.14893617,1,63,5.978723404,2,20,0,0.066998642,0.236486486,2632,2,3.107142857,5,174,2,3.107142857,5,174,PLASMA
337,61,2,11,5.524590164,1,13,5.524590164,3,22,9.68852459,1,0,0,0.090567052,0.637982196,106,56,0,10,1.892857143,0,10,1.892857143,1,13,3.785714286,1,12,0,0.03380102,0.056603774,3416,2,2.590163934,4,158,2,2.590163934,4,158,PLASMA
633,70,1,16,9.042857143,1,28,9.042857143,2,40,16.87142857,4,0,0,0.129183673,0.579778831,103,39,0,7,2.641025641,0,13,2.641025641,1,20,5.282051282,4,6,0,0.067718606,0.660194175,2730,2,2.471428571,3,173,2,2.471428571,3,173,PLASMA
1287,72,4,32,17.875,4,51,17.875,8,79,33.83333333,1,0,0,0.248263889,0.658896659,153,27,0,15,5.666666667,0,32,5.666666667,1,40,10.25925926,1,3,0,0.209876543,0.607843137,1944,2,2.972222222,5,214,2,2.972222222,5,214,PLASMA
354,72,1,11,4.916666667,1,15,4.916666667,1,21,8.458333333,3,2,0,0.068287037,0.629943503,129,72,0,6,1.791666667,0,6,1.791666667,1,10,3.583333333,2,11,0,0.024884259,0.279069767,5184,2,2.791666667,5,201,2,2.791666667,5,201,PLASMA
639,66,2,25,9.681818182,2,20,9.681818182,3,43,17.65151515,1,0,0,0.146694215,0.812206573,130,73,0,17,1.780821918,0,8,1.780821918,1,17,3.561643836,1,17,0,0.024394821,0.246153846,4818,2,2.96969697,3,196,2,2.96969697,3,196,PLASMA
344,78,1,10,4.41025641,1,16,4.41025641,2,23,7.743589744,15,0,0,0.056541749,0.715116279,88,66,0,5,1.333333333,0,4,1.333333333,1,9,2.666666667,15,4,0,0.02020202,0.454545455,5148,2,2.128205128,3,166,2,2.128205128,3,166,PLASMA
696,69,2,26,10.08695652,2,22,10.08695652,3,46,18.44927536,1,0,0,0.146187776,0.79454023,137,77,0,17,1.779220779,0,8,1.779220779,1,18,3.558441558,1,17,0,0.023106763,0.233576642,5313,2,2.985507246,4,206,2,2.985507246,4,206,PLASMA
931,80,4,24,11.6375,2,32,11.6375,6,53,21.425,1,0,0,0.14546875,0.691729323,199,54,0,16,3.685185185,0,16,3.685185185,1,24,6.962962963,1,9,0,0.06824417,0.48241206,4320,2,3.1875,5,255,2,3.1875,5,255,PLASMA
834,75,2,27,11.12,2,30,11.12,3,48,20.42666667,1,0,0,0.148266667,0.697841727,166,80,0,13,2.075,0,15,2.075,1,25,4.0375,1,10,0,0.0259375,0.295180723,6000,2,3.12,5,234,2,3.12,5,234,PLASMA
438,94,1,10,4.659574468,1,17,4.659574468,1,24,8.244680851,15,0,0,0.049569941,0.673515982,108,75,0,5,1.44,0,6,1.44,1,9,2.88,15,0,0,0.0192,0.518518519,7050,2,2.14893617,3,202,2,2.14893617,3,202,PLASMA
348,51,3,12,6.823529412,2,18,6.823529412,5,27,12.05882353,1,0,0,0.133794694,0.692528736,101,49,0,6,2.06122449,0,6,2.06122449,1,12,4.12244898,1,2,0,0.042065806,0.356435644,2499,2,2.980392157,4,152,2,2.980392157,4,152,PLASMA
615,91,1,13,6.758241758,1,25,6.758241758,2,34,12.23076923,3,0,0,0.074266393,0.606504065,144,75,0,8,1.92,0,14,1.92,1,16,3.84,3,1,0,0.0256,0.111111111,6825,2,2.582417582,4,235,2,2.582417582,4,235,PLASMA
2950,94,2,53,31.38297872,1,80,31.38297872,2,112,60.64893617,1,1,0,0.333861476,0.730508475,289,39,0,40,7.41025641,0,99,7.41025641,1,101,14.23076923,1,3,0,0.190006575,0.273356401,3666,2,3.478723404,6,327,2,3.478723404,6,327,PLASMA
525,69,2,16,7.608695652,2,22,7.608695652,4,36,13.86956522,1,4,0,0.110270951,0.672380952,97,48,0,9,2.020833333,0,8,2.020833333,1,17,3.958333333,1,12,0,0.042100694,0.453608247,3312,2,2.405797101,3,166,2,2.405797101,3,166,PLASMA
1186,98,1,67,12.10204082,1,109,12.10204082,2,163,22.69387755,1,1,0,0.123490212,0.615514334,262,61,0,15,4.295081967,0,25,4.295081967,1,36,8.590163934,1,11,0,0.07041118,0.152671756,5978,2,3.142857143,16,308,2,3.142857143,16,308,PLASMA
1191,93,2,25,12.80645161,1,22,12.80645161,3,44,23.51612903,1,0,0,0.137703781,0.785054576,279,58,0,24,4.810344828,0,28,4.810344828,1,32,8.844827586,1,4,0,0.08293698,0.46953405,5394,2,3.397849462,5,316,2,3.397849462,5,316,PLASMA
703,109,1,14,6.449541284,1,24,6.449541284,1,34,11.69724771,7,5,0,0.059170104,0.60170697,166,81,0,8,2.049382716,0,12,2.049382716,1,16,4.098765432,7,12,0,0.025301021,0.265060241,8829,2,2.52293578,4,275,2,2.52293578,4,275,PLASMA
325,58,2,8,5.603448276,2,14,5.603448276,4,20,9.706896552,1,1,0,0.096611177,0.673846154,109,59,0,4,1.847457627,0,4,1.847457627,1,8,3.694915254,1,8,0,0.031312841,0.403669725,3422,2,2.879310345,3,167,2,2.879310345,3,167,PLASMA
889,110,1,16,8.081818182,2,27,8.081818182,2,41,14.64545455,1,2,0,0.073471074,0.673790776,215,102,0,9,2.107843137,0,9,2.107843137,1,18,4.215686275,1,14,0,0.020665129,0.31627907,11220,2,2.9,6,319,2,2.9,6,319,PLASMA
350,109,1,13,3.211009174,1,13,3.211009174,1,23,5.394495413,31,0,0,0.0294588,0.691428571,116,124,0,6,0.935483871,0,4,0.935483871,1,9,1.870967742,31,13,0,0.007544225,0.086206897,13516,2,2.055045872,4,224,2,2.055045872,4,224,PLASMA
1001,102,1,19,9.81372549,1,17,9.81372549,1,34,17.98039216,5,7,0,0.096212995,0.861138861,270,118,0,19,2.288135593,0,18,2.288135593,1,23,4.576271186,5,10,0,0.01939098,0.088888889,12036,2,3.166666667,4,323,2,3.166666667,4,323,PLASMA
675,65,1,29,10.38461538,2,32,10.38461538,2,57,18.83076923,2,4,0,0.159763314,0.678518519,273,96,0,26,2.84375,0,24,2.84375,1,39,5.677083333,1,4,0,0.029622396,0.047619048,6240,2,4.046153846,8,263,2,4.046153846,8,263,PLASMA
463,115,1,12,4.026086957,1,12,4.026086957,1,20,6.956521739,10,11,0,0.035009452,0.695464363,126,112,0,6,1.125,0,4,1.125,1,8,2.25,10,27,0,0.010044643,0,12880,2,2.095652174,3,241,2,2.095652174,3,241,PLASMA
463,115,1,12,4.026086957,1,12,4.026086957,1,20,6.956521739,10,11,0,0.035009452,0.695464363,126,112,0,6,1.125,0,4,1.125,1,8,2.25,10,27,0,0.010044643,0,12880,2,2.095652174,3,241,2,2.095652174,3,241,PLASMA
468,116,1,12,4.034482759,1,13,4.034482759,1,20,6.974137931,10,11,0,0.034780024,0.69017094,127,113,0,6,1.123893805,0,4,1.123893805,1,8,2.247787611,10,27,0,0.009945963,0,13108,2,2.094827586,3,243,2,2.094827586,3,243,PLASMA
1254,120,4,15,10.45,2,37,10.45,5,50,19.55833333,1,0,0,0.087083333,0.535087719,235,64,0,8,3.671875,1,14,3.671875,2,22,7.34375,1,6,0,0.057373047,0.706382979,7680,2,2.958333333,3,355,2,2.958333333,3,355,PLASMA
364,63,1,9,5.777777778,1,15,5.777777778,2,21,10.03174603,1,7,0,0.091710758,0.681318681,118,64,0,5,1.84375,0,4,1.84375,1,8,3.6875,1,11,0,0.028808594,0.372881356,4032,2,2.873015873,3,181,2,2.873015873,3,181,PLASMA
389,65,1,10,5.984615385,2,14,5.984615385,2,20,10.44615385,1,2,0,0.092071006,0.706940874,121,64,0,5,1.890625,0,5,1.890625,1,9,3.78125,1,6,0,0.029541016,0.363636364,4160,2,2.861538462,3,186,2,2.861538462,3,186,PLASMA
867,125,2,14,6.936,1,18,6.936,3,30,12.44,1,1,0,0.055488,0.637831603,225,95,0,8,2.368421053,0,8,2.368421053,1,12,4.736842105,1,6,0,0.024930748,0.231111111,11875,2,2.8,3,350,2,2.8,3,350,PLASMA
867,125,2,14,6.936,1,18,6.936,3,30,12.44,1,1,0,0.055488,0.637831603,225,95,0,8,2.368421053,0,8,2.368421053,1,12,4.736842105,1,6,0,0.024930748,0.231111111,11875,2,2.8,3,350,2,2.8,3,350,PLASMA
1652,138,2,20,11.97101449,1,40,11.97101449,3,58,22.65217391,1,0,0,0.086746482,0.573849879,229,61,0,10,3.754098361,0,14,3.754098361,1,24,7.508196721,1,8,0,0.061542596,0.663755459,8418,2,2.65942029,3,367,2,2.65942029,3,367,PLASMA
527,82,1,11,6.426829268,2,17,6.426829268,2,26,11.40243902,1,2,0,0.078375967,0.681214421,144,73,0,7,1.97260274,0,5,1.97260274,1,12,3.945205479,1,6,0,0.027021955,0.347222222,5986,2,2.756097561,3,226,2,2.756097561,3,226,PLASMA
513,79,1,13,6.493670886,1,15,6.493670886,2,22,11.44303797,1,2,0,0.082198366,0.69785575,148,75,0,6,1.973333333,0,5,1.973333333,1,9,3.946666667,1,6,0,0.026311111,0.351351351,5925,2,2.873417722,3,227,2,2.873417722,3,227,PLASMA
478,81,1,10,5.901234568,2,15,5.901234568,2,21,10.27160494,1,5,0,0.072854748,0.69874477,150,81,0,5,1.851851852,0,5,1.851851852,1,9,3.703703704,1,12,0,0.022862369,0.346666667,6561,2,2.851851852,3,231,2,2.851851852,3,231,PLASMA
771,133,1,10,5.796992481,1,20,5.796992481,2,27,10.19548872,3,5,0,0.04358641,0.713359274,228,120,0,7,1.9,0,8,1.9,1,12,3.8,3,23,0,0.015833333,0.307017544,15960,2,2.714285714,5,361,2,2.714285714,5,361,PLASMA
1848,152,4,17,12.15789474,2,42,12.15789474,6,57,22.97368421,1,0,0,0.07998615,0.516233766,298,75,0,9,3.973333333,1,16,3.973333333,2,25,7.946666667,1,5,0,0.052977778,0.704697987,11400,2,2.960526316,3,450,2,2.960526316,3,450,PLASMA
671,90,1,12,7.455555556,1,19,7.455555556,1,28,13.36666667,2,1,0,0.082839506,0.651266766,176,79,0,6,2.227848101,0,6,2.227848101,1,12,4.455696203,2,6,0,0.028200609,0.386363636,7110,2,2.955555556,3,266,2,2.955555556,3,266,PLASMA
1263,150,2,19,8.42,1,21,8.42,2,38,15.42666667,3,5,0,0.056133333,0.647664291,260,97,0,8,2.680412371,0,14,2.680412371,1,14,5.360824742,3,8,0,0.027633117,0.284615385,14550,2,2.733333333,4,410,2,2.733333333,4,410,PLASMA
1272,151,1,26,8.42384106,2,21,8.42384106,2,44,15.37086093,1,8,0,0.055787027,0.777515723,243,119,0,12,2.042016807,0,7,2.042016807,1,14,4.084033613,1,35,0,0.017159805,0.12345679,17969,2,2.609271523,3,394,2,2.609271523,3,394,PLASMA
635,99,1,12,6.414141414,2,18,6.414141414,2,28,11.36363636,1,5,0,0.064789307,0.681889764,174,91,0,8,1.912087912,0,5,1.912087912,1,13,3.824175824,1,12,0,0.021011955,0.333333333,9009,2,2.757575758,3,273,2,2.757575758,3,273,PLASMA
880,117,1,12,7.521367521,1,19,7.521367521,1,28,13.51282051,3,2,0,0.064285192,0.673863636,224,108,0,9,2.074074074,0,6,2.074074074,1,12,4.148148148,3,13,0,0.01920439,0.357142857,12636,2,2.914529915,3,341,2,2.914529915,3,341,PLASMA
1478,205,1,20,7.209756098,1,22,7.209756098,2,35,12.95609756,1,4,0,0.035169542,0.644113667,385,194,0,10,1.984536082,0,11,1.984536082,1,14,3.969072165,1,21,0,0.010229567,0.244155844,39770,2,2.87804878,6,590,2,2.87804878,6,590,PLASMA
1123,218,1,16,5.151376147,1,16,5.151376147,1,30,9.183486239,79,0,0,0.023630166,0.974176313,223,163,0,12,1.36809816,0,12,1.36809816,1,12,2.607361963,77,1,0,0.00839324,0.094170404,35534,2,2.02293578,4,441,2,2.02293578,4,441,PLASMA
4234,186,1,83,22.76344086,1,101,22.76344086,2,141,43.46236559,3,20,0,0.122384091,0.740670761,989,206,0,90,4.800970874,0,92,4.800970874,1,119,9.567961165,3,34,0,0.023305684,0.144590495,38316,2,4.193548387,10,780,2,4.193548387,10,780,PLASMA
8907,219,2,83,40.67123288,2,83,40.67123288,3,164,79.52968037,1,0,0,0.185713392,0.959133266,863,197,0,148,4.38071066,0,148,4.38071066,2,158,8.76142132,1,0,0,0.02223711,0.023174971,43143,3,3.96347032,7,868,3,3.96347032,7,868,PLASMA
1601,197,1,25,8.126903553,2,31,8.126903553,2,48,14.69035533,1,7,0,0.041253318,0.667083073,397,187,0,12,2.122994652,0,11,2.122994652,1,22,4.240641711,1,27,0,0.011352913,0.314861461,36839,2,2.974619289,6,586,2,2.974619289,6,586,PLASMA
2824,225,2,23,12.55111111,1,37,12.55111111,3,55,23.56444444,1,2,0,0.055782716,0.601274788,442,179,0,13,2.469273743,0,13,2.469273743,1,24,4.938547486,1,12,0,0.013794825,0.416289593,40275,2,2.964444444,4,667,2,2.964444444,4,667,PLASMA
3305,232,1,58,14.24568966,1,66,14.24568966,1,110,26.78448276,21,8,0,0.061403835,0.794553707,807,255,0,59,3.164705882,0,41,3.164705882,1,83,6.329411765,1,43,0,0.012410611,0.158612144,59160,2,3.521551724,8,817,2,3.521551724,8,817,PLASMA
7365,300,7,38,24.55,3,86,24.55,15,120,47.66666667,1,0,0,0.081833333,0.506449423,586,86,1,19,6.813953488,2,34,6.813953488,3,51,13.62790698,1,1,0,0.079232017,0.887372014,25800,2,2.953333333,3,886,2,2.953333333,3,886,PLASMA
10667,264,1,174,40.40530303,1,247,40.40530303,1,378,78.73863636,3,28,0,0.15305039,0.651635886,1362,308,0,140,4.422077922,0,136,4.422077922,1,226,8.844155844,1,55,0,0.014357396,0.101321586,81312,2,4.193181818,47,1107,2,4.193181818,47,1107,PLASMA
37760,352,12,142,107.2727273,10,270,107.2727273,21,410,213.0909091,1,0,0,0.304752066,0.519491525,672,67,5,128,10.02985075,5,128,10.02985075,10,256,20.05970149,1,0,0,0.149699265,1,23584,2,2.909090909,3,1024,2,2.909090909,3,1024,PLASMA
10595,261,1,171,40.59386973,1,246,40.59386973,1,374,79.11877395,7,28,0,0.155532068,0.6523832,1346,308,0,140,4.37012987,0,136,4.37012987,1,226,8.74025974,5,51,0,0.014188733,0.101040119,80388,2,4.183908046,47,1092,2,4.183908046,47,1092,PLASMA
1438,196,1,20,7.336734694,2,18,7.336734694,2,33,13.12755102,1,3,0,0.03743232,0.710013908,370,188,0,12,1.968085106,0,6,1.968085106,1,13,3.936170213,1,17,0,0.010468538,0.313513514,36848,2,2.887755102,4,566,2,2.887755102,4,566,PLASMA
14900,316,3,124,47.15189873,2,138,47.15189873,4,259,92.27848101,1,0,0,0.149214869,0.820805369,1149,136,0,211,8.448529412,0,124,8.448529412,1,278,16.125,1,2,0,0.06212154,0.253263708,42976,2,3.787974684,7,1197,2,3.787974684,7,1197,PLASMA
1497,202,1,20,7.410891089,1,18,7.410891089,2,34,13.27722772,1,3,0,0.03668758,0.701402806,381,192,0,12,1.984375,0,6,1.984375,1,13,3.96875,1,18,0,0.010335286,0.31496063,38784,2,2.886138614,4,583,2,2.886138614,4,583,PLASMA
1492,204,1,21,7.31372549,1,18,7.31372549,2,36,13.08823529,1,5,0,0.035851596,0.707774799,385,196,0,13,1.964285714,0,6,1.964285714,1,14,3.928571429,1,21,0,0.010021866,0.322077922,39984,2,2.887254902,4,589,2,2.887254902,4,589,PLASMA
1485,206,1,21,7.208737864,1,18,7.208737864,2,36,12.88834951,1,5,0,0.034993873,0.71043771,386,200,0,13,1.93,0,6,1.93,1,14,3.86,1,23,0,0.00965,0.321243523,41200,2,2.873786408,4,592,2,2.873786408,4,592,PLASMA
7090,216,1,127,32.82407407,1,124,32.82407407,2,247,63.53703704,1,5,0,0.151963306,0.83751763,1068,266,0,158,4.015037594,0,124,4.015037594,1,160,8.015037594,1,9,0,0.015094126,0.041198502,57456,2,4.305555556,8,930,2,4.305555556,8,930,PLASMA
16313,480,11,69,33.98541667,3,108,33.98541667,13,170,66.65833333,1,0,0,0.070802951,0.4351131,933,155,3,26,6.019354839,1,35,6.019354839,4,61,12.03870968,1,0,0,0.038834547,0.662379421,74400,2,2.94375,3,1413,2,2.94375,3,1413,PLASMA
15388,421,1,129,36.55106888,1,208,36.55106888,1,292,71.2327791,51,19,0,0.086819641,0.599883026,1751,398,0,107,4.399497487,0,216,4.399497487,1,322,8.798994975,1,113,0,0.011054014,0.09480297,167558,2,3.874109264,21,1631,2,3.874109264,21,1631,PLASMA
9066,443,1,228,20.46501129,2,128,20.46501129,2,311,39.29119639,2,54,0,0.046196414,0.702404589,1758,448,0,117,3.924107143,0,146,3.924107143,1,201,7.848214286,1,127,0,0.008759168,0.129692833,198464,2,3.390519187,46,1502,2,3.390519187,46,1502,PLASMA
29950,469,1,247,63.85927505,1,327,63.85927505,2,478,125.9616205,8,107,0,0.136160501,0.752186978,1891,441,0,297,4.287981859,0,330,4.287981859,1,404,8.575963719,1,147,0,0.009723315,0.111052353,206829,2,3.776119403,9,1771,2,3.776119403,9,1771,PLASMA
11144,371,1,46,30.03773585,1,88,30.03773585,1,131,58.57412399,3,1,0,0.080964248,0.533111989,726,270,0,38,2.688888889,0,40,2.688888889,1,78,5.377777778,3,13,0,0.009958848,0.435261708,100170,2,2.956873315,4,1097,2,2.956873315,4,1097,PLASMA
11055,362,1,46,30.53867403,1,88,30.53867403,1,131,59.56906077,3,1,0,0.084360978,0.532247852,713,266,0,38,2.680451128,0,40,2.680451128,1,78,5.360902256,3,12,0,0.010076884,0.437587658,96292,2,2.96961326,4,1075,2,2.96961326,4,1075,PLASMA
11094,367,1,46,30.22888283,1,88,30.22888283,1,131,58.95640327,3,1,0,0.082367528,0.532990806,718,268,0,38,2.679104478,0,40,2.679104478,1,78,5.358208955,3,13,0,0.009996658,0.43454039,98356,2,2.95640327,4,1085,2,2.95640327,4,1085,PLASMA
10484,371,1,46,28.25876011,1,88,28.25876011,1,131,55.01617251,3,1,0,0.076169165,0.53519649,726,271,0,38,2.67896679,0,40,2.67896679,1,78,5.357933579,3,13,0,0.009885486,0.435261708,100541,2,2.956873315,4,1097,2,2.956873315,4,1097,PLASMA
71889,555,1,630,129.5297297,1,816,129.5297297,2,1397,256.7945946,6,27,0,0.2333869,0.663620304,3395,587,0,418,5.783645656,0,469,5.783645656,1,697,11.56729131,6,45,0,0.009852889,0.118409426,325785,2,4.736936937,52,2629,2,4.736936937,52,2629,PLASMA
7574,805,1,48,9.408695652,1,46,9.408695652,1,92,17.8173913,93,44,0,0.011687821,0.813968841,807,459,0,45,1.758169935,0,45,1.758169935,1,46,3.516339869,93,45,0,0.003830436,0.436183395,369495,2,2.002484472,3,1612,2,2.002484472,3,1612,PLASMA
7574,805,1,48,9.408695652,1,46,9.408695652,1,92,17.8173913,93,44,0,0.011687821,0.813968841,807,459,0,45,1.758169935,0,45,1.758169935,1,46,3.516339869,93,45,0,0.003830436,0.436183395,369495,2,2.002484472,3,1612,2,2.002484472,3,1612,PLASMA
7574,805,1,48,9.408695652,1,46,9.408695652,1,92,17.8173913,93,44,0,0.011687821,0.813968841,807,459,0,45,1.758169935,0,45,1.758169935,1,46,3.516339869,93,45,0,0.003830436,0.436183395,369495,2,2.002484472,3,1612,2,2.002484472,3,1612,PLASMA
7579,806,1,48,9.403225806,1,46,9.403225806,1,92,17.80645161,93,44,0,0.011666533,0.814091569,808,459,0,45,1.760348584,0,45,1.760348584,1,46,3.520697168,93,45,0,0.003835182,0.438118812,369954,2,2.00248139,3,1614,2,2.00248139,3,1614,PLASMA
7579,806,1,48,9.403225806,1,46,9.403225806,1,92,17.80645161,93,44,0,0.011666533,0.814091569,808,459,0,45,1.760348584,0,45,1.760348584,1,46,3.520697168,93,45,0,0.003835182,0.438118812,369954,2,2.00248139,3,1614,2,2.00248139,3,1614,PLASMA
26204,827,1,113,31.68561064,2,74,31.68561064,2,169,61.52841596,1,5,0,0.038313919,0.948710121,1524,504,0,63,3.023809524,0,80,3.023809524,1,80,6.047619048,1,10,0,0.005999622,0,416808,2,2.84280532,3,2351,2,2.84280532,3,2351,PLASMA
98365,778,2,184,126.433162,1,540,126.433162,2,723,251.8470437,8,178,0,0.162510491,0.340415798,808,591,0,180,1.367174281,0,360,1.367174281,1,540,2.734348562,8,196,0,0.002313324,0.542079208,459798,2,2.038560411,4,1586,2,2.038560411,4,1586,PLASMA
25113,850,2,153,29.54470588,2,153,29.54470588,4,304,57.89882353,1,0,0,0.034758478,0.930991917,1336,436,0,288,3.064220183,1,288,3.064220183,1,289,6.128440367,1,8,0,0.007028028,0.010479042,370600,2,2.381176471,4,2024,2,2.381176471,4,2024,PLASMA
97306,690,1,744,141.0231884,1,924,141.0231884,2,1605,279.8492754,10,56,0,0.204381432,0.664686659,4052,698,0,481,5.805157593,0,640,5.805157593,1,872,11.61031519,2,97,0,0.008316845,0.12290227,481620,2,4.546376812,67,3137,2,4.546376812,67,3137,PLASMA
97306,690,1,744,141.0231884,1,924,141.0231884,2,1605,279.8492754,10,56,0,0.204381432,0.664686659,4052,698,0,481,5.805157593,0,640,5.805157593,1,872,11.61031519,2,97,0,0.008316845,0.12290227,481620,2,4.546376812,67,3137,2,4.546376812,67,3137,PLASMA
97306,690,1,744,141.0231884,1,924,141.0231884,2,1605,279.8492754,10,56,0,0.204381432,0.664686659,4052,698,0,481,5.805157593,0,640,5.805157593,1,872,11.61031519,2,97,0,0.008316845,0.12290227,481620,2,4.546376812,67,3137,2,4.546376812,67,3137,PLASMA
97306,690,1,744,141.0231884,1,924,141.0231884,2,1605,279.8492754,10,56,0,0.204381432,0.664686659,4052,698,0,481,5.805157593,0,640,5.805157593,1,872,11.61031519,2,97,0,0.008316845,0.12290227,481620,2,4.546376812,67,3137,2,4.546376812,67,3137,PLASMA
98539,783,1,447,125.8480204,1,627,125.8480204,1,902,249.6436782,7,84,0,0.160725441,0.662326592,4047,783,0,481,5.168582375,0,719,5.168582375,1,899,10.33205619,3,103,0,0.006600999,0.111193477,613089,2,4.358876117,21,3413,2,4.358876117,21,3413,PLASMA
99579,781,1,479,127.5019206,1,555,127.5019206,1,916,252.9513444,3,114,0,0.1632547,0.640727463,4415,793,0,494,5.567465322,0,684,5.567465322,0,914,11.13493064,19,149,0,0.007020763,0.104643262,619333,2,4.270166453,47,3335,2,4.270166453,47,3335,PLASMA
69568,943,1,357,73.77306469,1,444,73.77306469,1,780,145.6362672,14,12,0,0.078232306,0.877774264,3980,836,0,490,4.76076555,0,312,4.76076555,1,506,9.520334928,11,67,0,0.005694696,0.10678392,788348,2,3.977730647,24,3751,2,3.977730647,24,3751,PLASMA
228394,1059,1,722,215.6694995,1,888,215.6694995,1,1460,428.9320113,36,26,0,0.203653918,0.663139137,6201,1081,0,535,5.736355227,0,809,5.736355227,1,1305,11.47271045,32,72,0,0.005306527,0.155781326,1144779,2,4.696883853,40,4974,2,4.696883853,40,4974,PLASMA
96116,1001,1,591,96.01998002,1,715,96.01998002,1,1255,190.1128871,27,107,0,0.095924056,0.762047942,4655,1025,0,560,4.541463415,0,594,4.541463415,1,719,9.082926829,14,162,0,0.004430696,0.066595059,1026025,2,4.070929071,55,4075,2,4.070929071,55,4075,PLASMA
252736,1309,1,1087,193.0756303,1,1156,193.0756303,1,1961,384.1161192,5,302,0,0.147498572,0.700462142,9309,1248,0,807,7.459134615,0,1084,7.459134615,1,1392,14.91826923,1,317,0,0.005976871,0.079278118,1633632,2,4.250572956,84,5564,2,4.250572956,84,5564,PLASMA
126688,1406,1,391,90.10526316,1,384,90.10526316,1,761,178.4338549,23,51,0,0.064086247,0.911262314,5139,1297,0,417,3.962220509,0,321,3.962220509,1,455,7.924441018,17,109,0,0.003054912,0.100019459,1823582,2,3.687766714,8,5185,2,3.687766714,8,5185,PLASMA
114215,1706,1,449,66.94900352,1,691,66.94900352,1,1105,132.2203986,12,95,0,0.039243261,0.878255921,5261,1116,0,480,4.714157706,0,329,4.714157706,1,497,9.428315412,9,273,0,0.004224156,0.132294241,1903896,2,3.337045721,38,5693,2,3.337045721,38,5693,PLASMA
51786,1750,2,160,29.592,2,156,29.592,4,314,57.97028571,1,0,0,0.016909714,0.923415595,2872,872,0,288,3.293577982,1,288,3.293577982,1,289,6.587155963,1,16,0,0.003777039,0.009749304,1526000,2,2.427428571,4,4248,2,2.427428571,4,4248,PLASMA
226804,1575,1,853,144.0025397,1,988,144.0025397,1,1787,285.9536508,5,151,0,0.091430184,0.6336793,8116,1391,0,545,5.83465133,0,799,5.83465133,1,1275,11.66930266,1,226,0,0.004194573,0.128881222,2190825,2,4.241904762,57,6681,2,4.241904762,57,6681,PLASMA
100009,996,1,441,100.4106426,1,510,100.4106426,2,894,198.8694779,4,126,0,0.100813898,0.828025478,4526,949,0,390,4.769230769,0,248,4.769230769,1,497,9.538461538,1,170,0,0.005025533,0.086168802,945204,2,3.90562249,44,3890,2,3.90562249,44,3890,PLASMA
401070,1857,1,740,215.9773829,1,1134,215.9773829,1,1612,429.728056,43,22,0,0.11630446,0.615246715,9909,1457,0,620,6.800960879,0,1061,6.800960879,1,1681,13.60192176,38,83,0,0.004667784,0.127358967,2705649,2,4.428109855,16,8223,2,4.428109855,16,8223,PLASMA
109105,890,1,513,122.5898876,1,665,122.5898876,1,1164,240.488764,5,7,0,0.137741447,0.728665047,33546,2183,0,761,15.36692625,0,917,15.36692625,1,1317,30.59047183,5,19,0,0.007039362,0.131848805,1942870,2,8.852808989,82,7879,2,8.852808989,82,7879,PLASMA
106166,898,1,501,118.2249443,1,652,118.2249443,1,1139,231.7928731,4,8,0,0.131653613,0.726315393,33845,2192,0,724,15.44023723,0,893,15.44023723,1,1295,30.73403285,4,20,0,0.007043904,0.129324863,1968416,2,8.780623608,82,7885,2,8.780623608,82,7885,PLASMA
109148,897,1,523,121.6811594,1,667,121.6811594,1,1176,238.657748,4,8,0,0.135653466,0.734049181,34744,2193,0,746,15.84313725,0,882,15.84313725,1,1289,31.54491564,4,19,0,0.007224413,0.127043518,1967121,2,8.884057971,82,7969,2,8.884057971,82,7969,PLASMA
112633,906,1,525,124.3189845,1,676,124.3189845,1,1187,243.9260486,4,8,0,0.137217422,0.729706214,35061,2203,0,774,15.91511575,0,918,15.91511575,1,1333,31.68497503,4,20,0,0.007224292,0.128747041,1995918,2,8.888520971,82,8053,2,8.888520971,82,8053,PLASMA
112566,912,1,527,123.4276316,1,679,123.4276316,1,1192,242.1480263,4,9,0,0.135337315,0.727173392,35347,2207,0,771,16.01585863,0,917,16.01585863,1,1336,31.88763027,4,20,0,0.007256846,0.127026339,2012784,2,8.901315789,82,8118,2,8.901315789,82,8118,PLASMA
113666,916,1,527,124.0895197,1,682,124.0895197,1,1195,243.470524,5,6,0,0.135468908,0.730112787,35243,2211,0,764,15.93984622,0,912,15.93984622,1,1327,31.73405699,5,17,0,0.007209338,0.127741679,2025276,2,8.884279476,82,8138,2,8.884279476,82,8138,PLASMA
115636,921,1,530,125.5548317,1,687,125.5548317,1,1203,246.3963084,4,8,0,0.136324464,0.727948044,35520,2227,0,784,15.94970813,0,930,15.94970813,1,1349,31.75348002,4,19,0,0.00716197,0.128350225,2051067,2,8.897937025,82,8195,2,8.897937025,82,8195,PLASMA
180371,1826,1,541,98.77929901,2,772,98.77929901,2,1246,195.6166484,28,228,0,0.054096002,0.72228906,8681,1604,0,476,5.412094763,0,567,5.412094763,1,925,10.82418953,3,356,0,0.003374124,0.117958761,2928904,2,3.966046002,10,7242,2,3.966046002,10,7242,PLASMA
16347,2824,1,46,5.788597734,1,43,5.788597734,1,76,10.47025496,214,477,0,0.002049787,0.713647764,3573,2631,0,35,1.358038769,0,33,1.358038769,1,45,2.710756366,157,733,0,0.000516,0.081164288,7429944,2,2.21529745,5,6256,2,2.21529745,5,6256,PLASMA
658063,2382,1,1420,276.2649034,2,1773,276.2649034,2,3035,550.6335013,28,439,0,0.115980228,0.684926823,10969,1972,0,1272,5.562373225,0,1686,5.562373225,1,2154,11.12474645,1,592,0,0.002820676,0.106481904,4697304,2,4.002938707,67,9535,2,4.002938707,67,9535,PLASMA
658063,2382,1,1420,276.2649034,2,1773,276.2649034,2,3035,550.6335013,28,439,0,0.115980228,0.684926823,10969,1972,0,1272,5.562373225,0,1686,5.562373225,1,2154,11.12474645,1,592,0,0.002820676,0.106481904,4697304,2,4.002938707,67,9535,2,4.002938707,67,9535,PLASMA
650955,2378,1,1415,273.7405383,2,1768,273.7405383,2,3027,545.5870479,28,440,0,0.115113767,0.68580163,10938,1974,0,1272,5.541033435,0,1686,5.541033435,1,2143,11.08206687,1,591,0,0.002807008,0.104589504,4694172,2,4,67,9512,2,4,67,9512,PLASMA
503237,2539,1,1401,198.2028358,1,2309,198.2028358,1,3688,394.0803466,8,41,0,0.078063346,0.879784277,16502,1420,0,1102,11.62112676,0,1102,11.62112676,1,1144,23.24225352,2,71,0,0.008183892,0.20942916,3605380,2,4.719574636,27,11983,2,4.719574636,27,11983,PLASMA
